[
{
  "model": "sites.site",
  "fields": {
    "domain": "127.0.0.1:8000",
    "name": "127.0.0.1:8000"
  }
},
{
  "model": "contenttypes.contenttype",
  "fields": {
    "app_label": "admin",
    "model": "logentry"
  }
},
{
  "model": "contenttypes.contenttype",
  "fields": {
    "app_label": "auth",
    "model": "permission"
  }
},
{
  "model": "contenttypes.contenttype",
  "fields": {
    "app_label": "auth",
    "model": "group"
  }
},
{
  "model": "contenttypes.contenttype",
  "fields": {
    "app_label": "auth",
    "model": "user"
  }
},
{
  "model": "contenttypes.contenttype",
  "fields": {
    "app_label": "contenttypes",
    "model": "contenttype"
  }
},
{
  "model": "contenttypes.contenttype",
  "fields": {
    "app_label": "sessions",
    "model": "session"
  }
},
{
  "model": "contenttypes.contenttype",
  "fields": {
    "app_label": "products",
    "model": "brand"
  }
},
{
  "model": "contenttypes.contenttype",
  "fields": {
    "app_label": "products",
    "model": "tag"
  }
},
{
  "model": "contenttypes.contenttype",
  "fields": {
    "app_label": "products",
    "model": "category"
  }
},
{
  "model": "contenttypes.contenttype",
  "fields": {
    "app_label": "products",
    "model": "characteristic"
  }
},
{
  "model": "contenttypes.contenttype",
  "fields": {
    "app_label": "products",
    "model": "product"
  }
},
{
  "model": "contenttypes.contenttype",
  "fields": {
    "app_label": "products",
    "model": "productcharacteristic"
  }
},
{
  "model": "contenttypes.contenttype",
  "fields": {
    "app_label": "products",
    "model": "productimage"
  }
},
{
  "model": "contenttypes.contenttype",
  "fields": {
    "app_label": "users",
    "model": "address"
  }
},
{
  "model": "contenttypes.contenttype",
  "fields": {
    "app_label": "users",
    "model": "user"
  }
},
{
  "model": "contenttypes.contenttype",
  "fields": {
    "app_label": "products",
    "model": "review"
  }
},
{
  "model": "contenttypes.contenttype",
  "fields": {
    "app_label": "products",
    "model": "reviewimage"
  }
},
{
  "model": "contenttypes.contenttype",
  "fields": {
    "app_label": "products",
    "model": "favouriteproduct"
  }
},
{
  "model": "contenttypes.contenttype",
  "fields": {
    "app_label": "carts",
    "model": "orderedproduct"
  }
},
{
  "model": "contenttypes.contenttype",
  "fields": {
    "app_label": "carts",
    "model": "receiver"
  }
},
{
  "model": "contenttypes.contenttype",
  "fields": {
    "app_label": "carts",
    "model": "cart"
  }
},
{
  "model": "contenttypes.contenttype",
  "fields": {
    "app_label": "sites",
    "model": "site"
  }
},
{
  "model": "contenttypes.contenttype",
  "fields": {
    "app_label": "account",
    "model": "emailaddress"
  }
},
{
  "model": "contenttypes.contenttype",
  "fields": {
    "app_label": "account",
    "model": "emailconfirmation"
  }
},
{
  "model": "contenttypes.contenttype",
  "fields": {
    "app_label": "socialaccount",
    "model": "socialaccount"
  }
},
{
  "model": "contenttypes.contenttype",
  "fields": {
    "app_label": "socialaccount",
    "model": "socialapp"
  }
},
{
  "model": "contenttypes.contenttype",
  "fields": {
    "app_label": "socialaccount",
    "model": "socialtoken"
  }
},
{
  "model": "contenttypes.contenttype",
  "fields": {
    "app_label": "taggit",
    "model": "taggeditem"
  }
},
{
  "model": "contenttypes.contenttype",
  "fields": {
    "app_label": "taggit",
    "model": "tag"
  }
},
{
  "model": "contenttypes.contenttype",
  "fields": {
    "app_label": "products",
    "model": "customtag"
  }
},
{
  "model": "contenttypes.contenttype",
  "fields": {
    "app_label": "products",
    "model": "customtaggeditem"
  }
},
{
  "model": "contenttypes.contenttype",
  "fields": {
    "app_label": "social_django",
    "model": "association"
  }
},
{
  "model": "contenttypes.contenttype",
  "fields": {
    "app_label": "social_django",
    "model": "code"
  }
},
{
  "model": "contenttypes.contenttype",
  "fields": {
    "app_label": "social_django",
    "model": "nonce"
  }
},
{
  "model": "contenttypes.contenttype",
  "fields": {
    "app_label": "social_django",
    "model": "usersocialauth"
  }
},
{
  "model": "contenttypes.contenttype",
  "fields": {
    "app_label": "social_django",
    "model": "partial"
  }
},
{
  "model": "contenttypes.contenttype",
  "fields": {
    "app_label": "products",
    "model": "subcription"
  }
},
{
  "model": "contenttypes.contenttype",
  "fields": {
    "app_label": "users",
    "model": "action"
  }
},
{
  "model": "contenttypes.contenttype",
  "fields": {
    "app_label": "django_celery_beat",
    "model": "crontabschedule"
  }
},
{
  "model": "contenttypes.contenttype",
  "fields": {
    "app_label": "django_celery_beat",
    "model": "intervalschedule"
  }
},
{
  "model": "contenttypes.contenttype",
  "fields": {
    "app_label": "django_celery_beat",
    "model": "periodictask"
  }
},
{
  "model": "contenttypes.contenttype",
  "fields": {
    "app_label": "django_celery_beat",
    "model": "periodictasks"
  }
},
{
  "model": "contenttypes.contenttype",
  "fields": {
    "app_label": "django_celery_beat",
    "model": "solarschedule"
  }
},
{
  "model": "contenttypes.contenttype",
  "fields": {
    "app_label": "django_celery_beat",
    "model": "clockedschedule"
  }
},
{
  "model": "contenttypes.contenttype",
  "fields": {
    "app_label": "users",
    "model": "notificationstate"
  }
},
{
  "model": "contenttypes.contenttype",
  "fields": {
    "app_label": "coupons",
    "model": "coupon"
  }
},
{
  "model": "contenttypes.contenttype",
  "fields": {
    "app_label": "coupons",
    "model": "couponusage"
  }
},
{
  "model": "contenttypes.contenttype",
  "fields": {
    "app_label": "courses",
    "model": "course"
  }
},
{
  "model": "contenttypes.contenttype",
  "fields": {
    "app_label": "courses",
    "model": "subject"
  }
},
{
  "model": "sessions.session",
  "pk": "1uzrzcnn7rj8e7warnis4d1ke4q0bfkw",
  "fields": {
    "session_data": ".eJxVjMEOwiAQRP-FsyGLhaXt0bvfQBbYWtSAKW2iMf67bdKDJnOaefPewtEyj26pPLkURS-UOPx2nsKN8zbEK-VLkaHkeUpebojc1yrPJfL9tLN_gpHquL6NsspqtCpA1G2HzRprBoyIrBVH0Kj5yB596ztugIiMDtQGMgMAwyatXGsq2fHzkaaX6OHzBVLaPq4:1u2aTv:KWGLEW2XP0O9Q8NFewSnQn4HPoX2lpcpKOxq7d6hIs8",
    "expire_date": "2025-04-23T18:49:03.653Z"
  }
},
{
  "model": "sessions.session",
  "pk": "3yapf9dtm1em5thwje6njiesfuj24j16",
  "fields": {
    "session_data": ".eJxVjMEOwiAQRP-FsyFLhaXt0bvfQBbYWtSAKW2iMf67bdKDJnOaefPewtEyj26pPLkURS-UOPx2nsKN8zbEK-VLkaHkeUpebojc1yrPJfL9tLN_gpHquL6NsspqtCpA1G2HxzXWDBgRWSuOoFFzwx596zs-AhEZHagNZAYAhk1audZUsuPnI00v0TemawDg8wXNkj_g:1uATu3:AKDSfTSKfxxPGLS2Mm--UYJpfswBmFw1QXGxz-LFL-A",
    "expire_date": "2025-05-31T13:24:39.147Z"
  }
},
{
  "model": "sessions.session",
  "pk": "6aofvw8d2qzabe9xsz60dfdqcnlazlwn",
  "fields": {
    "session_data": ".eJxVjMEOwiAQRP-FsyGLhaXt0bvfQBbYWtSAKW2iMf67bdKDJnOaefPewtEyj26pPLkURS-UOPx2nsKN8zbEK-VLkaHkeUpebojc1yrPJfL9tLN_gpHquL6NsspqtCpA1G2HzRprBoyIrBVH0Kj5yB596ztugIiMDtQGMgMAwyatXGsq2fHzkaaX6OHzBVLaPq4:1u78Da:J_YxdSlZAATrNtxZVQzAGU6kD7-dxisPAZmp_GmJ3-M",
    "expire_date": "2025-05-06T07:38:58.023Z"
  }
},
{
  "model": "sessions.session",
  "pk": "7m3ao7xo6b1o1bl844qq7qtdxjwk3tqf",
  "fields": {
    "session_data": ".eJxVjMEOwiAQRP-FsyFLhaXt0bvfQBbYWtSAKW2iMf67bdKDJnOaefPewtEyj26pPLkURS-UOPx2nsKN8zbEK-VLkaHkeUpebojc1yrPJfL9tLN_gpHquL6NsspqtCpA1G2HxzXWDBgRWSuOoFFzwx596zs-AhEZHagNZAYAhk1audZUsuPnI00v0TemawDg8wXNkj_g:1tw1k0:30GduK62QSneO3EnziTI-aCTWRy8OvJpijrAHh3CuRE",
    "expire_date": "2025-04-21T16:30:32.631Z"
  }
},
{
  "model": "sessions.session",
  "pk": "afjdbk00t6yq9vetllie0239r0gz821u",
  "fields": {
    "session_data": ".eJxVjMEOwiAQRP-FsyGLhaXt0bvfQBbYWtSAKW2iMf67bdKDJnOaefPewtEyj26pPLkURS-UOPx2nsKN8zbEK-VLkaHkeUpebojc1yrPJfL9tLN_gpHquL6NsspqtCpA1G2HzRprBoyIrBVH0Kj5yB596ztugIiMDtQGMgMAwyatXGsq2fHzkaaX6OHzBVLaPq4:1trlz6:i24iezoGkCANT5iopTFmwFHhJiUsViLDTI6cPMJmBsw",
    "expire_date": "2025-03-24T22:52:32.082Z"
  }
},
{
  "model": "sessions.session",
  "pk": "g1xh8rrtuf9ghtrsftw3axjyjlfq2mjf",
  "fields": {
    "session_data": ".eJxVjMEOwiAQRP-FsyGLhYV69O43kIXdStXQpLQn47_bJj1oMqd5b-atIq1LiWuTOY6sLsqo02-XKD-l7oAfVO-TzlNd5jHpXdEHbfo2sbyuh_t3UKiVbe2MN96iNxnYhh67Ld4NyIhijTBYtHKWhCmkXjogImczhUxuABBQny-zsDdx:1tpNVm:SZl5IowwJIIuKyeEIVf1ZBpj7MDywIkFvDNoSJfQFVw",
    "expire_date": "2025-03-18T08:20:22.628Z"
  }
},
{
  "model": "sessions.session",
  "pk": "jjx4mc39t1lpe1sxwq8gb5f04yvup5ks",
  "fields": {
    "session_data": ".eJxVjMEOwiAQRP-FsyFLhaXt0bvfQBbYWtSAKW2iMf67bdKDJnOaefPewtEyj26pPLkURS-UOPx2nsKN8zbEK-VLkaHkeUpebojc1yrPJfL9tLN_gpHquL6NsspqtCpA1G2HxzXWDBgRWSuOoFFzwx596zs-AhEZHagNZAYAhk1audZUsuPnI00v0TemawDg8wXNkj_g:1tsiSC:ayxLZMn-2VtzTJUF3GQCfLNz1CzD_hevuILsLhw2oGw",
    "expire_date": "2025-04-12T13:18:28.699Z"
  }
},
{
  "model": "sessions.session",
  "pk": "krmsab1mch6cirlckep5lsahraczyzky",
  "fields": {
    "session_data": ".eJxVjMEOwiAQRP-FsyGLhaXt0bvfQBbYWtSAKW2iMf67bdKDJnOaefPewtEyj26pPLkURS-UOPx2nsKN8zbEK-VLkaHkeUpebojc1yrPJfL9tLN_gpHquL6NsspqtCpA1G2HzRprBoyIrBVH0Kj5yB596ztugIiMDtQGMgMAwyatXGsq2fHzkaaX6OHzBVLaPq4:1txadF:sEPwCsGCuYqTTkjA3WaMfOWcVLKpt7ivhkS2zePu8Ok",
    "expire_date": "2025-04-09T23:58:01.370Z"
  }
},
{
  "model": "sessions.session",
  "pk": "md4hrrtlju3m29tfq3sd3ffhabuwn56s",
  "fields": {
    "session_data": ".eJxVjMEOwiAQRP-FsyGLhaXt0bvfQBbYWtSAKW2iMf67bdKDJnOaefPewtEyj26pPLkURS-UOPx2nsKN8zbEK-VLkaHkeUpebojc1yrPJfL9tLN_gpHquL6NsspqtCpA1G2HzRprBoyIrBVH0Kj5yB596ztugIiMDtQGMgMAwyatXGsq2fHzkaaX6OHzBVLaPq4:1tsV80:W2CXjez9LzcQRiRiGXetZdofgHv-OS3qOrPP6Sa3fis",
    "expire_date": "2025-03-26T23:04:44.610Z"
  }
},
{
  "model": "sessions.session",
  "pk": "nkaxyoprnpm8salla1zzka3zxtbud14u",
  "fields": {
    "session_data": ".eJxVjMEOwiAQRP-FsyGLhaXt0bvfQBbYWtSAKW2iMf67bdKDJnOaefPewtEyj26pPLkURS-UOPx2nsKN8zbEK-VLkaHkeUpebojc1yrPJfL9tLN_gpHquL6NsspqtCpA1G2HzRprBoyIrBVH0Kj5yB596ztugIiMDtQGMgMAwyatXGsq2fHzkaaX6OHzBVLaPq4:1trlty:OKxVwb6mfjFc9yjh4vvW4ZFQsMDji_Uzn5Z-QAZ_CNo",
    "expire_date": "2025-03-24T22:47:14.180Z"
  }
},
{
  "model": "sessions.session",
  "pk": "pivhmw0cd0jjeikdm6kvk28umemmuhnu",
  "fields": {
    "session_data": "eyJfcGFzc3dvcmRfcmVzZXRfdG9rZW4iOiJjbjQwZHotNDIzYWQzZGE3ZjczNDZmY2I1OWY3YmYxZTg5ZGQ3NDIifQ:1twH1M:3unbNfHpA0Hnxc39ld33UPdASfefa9kMS4tYQ7WKUuA",
    "expire_date": "2025-04-06T08:49:28.725Z"
  }
},
{
  "model": "sessions.session",
  "pk": "pjju6eet2lpxznurauehm7boeo9wrm4e",
  "fields": {
    "session_data": ".eJxtjUtuwyAQhu_COrYIxpZh2X3OgAYYx9Mm4AJuUkW5e3EVKY3UWY3-13djBtYymzVjMuSZZiPb_dUsuA8Mm-HfIRxj62IoiWy7RdqHm9tD9Hh6e2RfBmbIc207iZ3jTgxc4cBdL8HhaGHYgwAFDkQ3eLB2lE5Z33di5LzDflIASooJ-TaaMWeKweB1ofTNNN-xlUwuUFAvKU50QqZvrICtwJg8pszurxm_uqI_L5jK7zVXgnimZ4vCFNMZSsVUYqpPODIt_1uhZY4Bm71sqvJcSPhFeKng-w9mgHhC:1uDORR:iRbPMzyHre5fx0hns3b_9XyWyD9GWMhQpipEfQ1fVa8",
    "expire_date": "2025-05-23T14:11:09.707Z"
  }
},
{
  "model": "sessions.session",
  "pk": "rza6aqtstjbmnxjxktcyj9epejvt477v",
  "fields": {
    "session_data": ".eJxVjMEOwiAQRP-FsyGLhaXt0bvfQBbYWtSAKW2iMf67bdKDJnOaefPewtEyj26pPLkURS-UOPx2nsKN8zbEK-VLkaHkeUpebojc1yrPJfL9tLN_gpHquL6NsspqtCpA1G2HzRprBoyIrBVH0Kj5yB596ztugIiMDtQGMgMAwyatXGsq2fHzkaaX6OHzBVLaPq4:1trlup:SPVQ8Mb2jklejZVfF5YDKp6ylOU6nwjSzTOKSDxYsmU",
    "expire_date": "2025-03-24T22:48:07.643Z"
  }
},
{
  "model": "sessions.session",
  "pk": "uj7jpqj6c738jmj6wvv1tj47wfg60620",
  "fields": {
    "session_data": ".eJxVjc0KgzAQhN9lzyJJmx_12HufIWyStaYVI0mEFvHdq-ChhTnNfDOzgsGlDGbJlEzw0AGH6tez6F40HYF_4vSItYtTScHWB1Kfaa7v0dN4O9m_gQHzsLcl11wLpbljXjStuu7SsldeKRKcPBNK0IWsso1t6coQUQqHjUPZM0bsGM2Uc4iTofcc0gc6VsESTC5YqJtT7MNI0K1Q0O6HMXlKGbbtCwr0S2E:1uDO64:aEADPTdvOGrUA7FhdcNTFAz43c1XbsGQfBo0JSTnbws",
    "expire_date": "2025-05-23T13:49:04.696Z"
  }
},
{
  "model": "sessions.session",
  "pk": "uzu7cllml3dg5854km8teygrrrl2o02e",
  "fields": {
    "session_data": "e30:1trN1M:rZBiQjzx_8LND4afv5PUEXPuYuVspwP1C0Mzr9HURug",
    "expire_date": "2025-03-23T20:13:12.545Z"
  }
},
{
  "model": "sessions.session",
  "pk": "xohw4oza89i7cu6vdycydplqwfpf45n9",
  "fields": {
    "session_data": ".eJxVjMEOwiAQRP-FsyGLhaXt0bvfQBbYWtSAKW2iMf67bdKDJnOaefPewtEyj26pPLkURS-UOPx2nsKN8zbEK-VLkaHkeUpebojc1yrPJfL9tLN_gpHquL6NsspqtCpA1G2HzRprBoyIrBVH0Kj5yB596ztugIiMDtQGMgMAwyatXGsq2fHzkaaX6OHzBVLaPq4:1tsqdV:9wVTO6NVUkWd37SoxaHxJDgxcfrw6yMkEEuW0MxqJlY",
    "expire_date": "2025-03-27T22:02:41.787Z"
  }
},
{
  "model": "sessions.session",
  "pk": "zyezc7gxlmojj8xhyuucrjmdd5z6opv5",
  "fields": {
    "session_data": ".eJxVjUEOgyAURO_y18ZAi6Auu-8ZyAe-hdaIEUzaGO9eTFy0yaxm3sxsoHHNXq-JFh0c9MCh-vUM2hdNR-CeOD1ibeOUl2DqA6nPNNX36Gi8nezfgMfkS7vhiishFbfMibaT1yLVDNJJSYKTY0IKupCRpjUdXRkiNsJia7EZGCN2jCZKKcRJ03sOywd6VsEadMqYqZ-XOISRoN8goymHMfvyjjaXRoJ9_wImv05E:1uMbug:QLMLyow_lqCtBQNiCXDwtzRAitO0BfFUoJfKkJSdjrs",
    "expire_date": "2025-06-18T00:23:26.087Z"
  }
},
{
  "model": "products.category",
  "pk": 8,
  "fields": {
    "title": "Gadgets",
    "slug": "gadgets",
    "image": "categories/gadgets.jpg",
    "parent": null
  }
},
{
  "model": "products.category",
  "pk": 9,
  "fields": {
    "title": "Computers",
    "slug": "computers",
    "image": "categories/computers.jpeg",
    "parent": null
  }
},
{
  "model": "products.category",
  "pk": 10,
  "fields": {
    "title": "Photo",
    "slug": "photo",
    "image": "categories/photo.jpg",
    "parent": null
  }
},
{
  "model": "products.category",
  "pk": 11,
  "fields": {
    "title": "Home Appliances",
    "slug": "home-appliances",
    "image": "categories/home-appliances.jpg",
    "parent": null
  }
},
{
  "model": "products.category",
  "pk": 12,
  "fields": {
    "title": "Climate",
    "slug": "climate",
    "image": "categories/climate.jpeg",
    "parent": null
  }
},
{
  "model": "products.category",
  "pk": 13,
  "fields": {
    "title": "Smartphones",
    "slug": "smartphones",
    "image": "",
    "parent": 8
  }
},
{
  "model": "products.category",
  "pk": 14,
  "fields": {
    "title": "Cases",
    "slug": "cases",
    "image": "",
    "parent": 8
  }
},
{
  "model": "products.category",
  "pk": 15,
  "fields": {
    "title": "Headphones",
    "slug": "headphones",
    "image": "",
    "parent": 8
  }
},
{
  "model": "products.category",
  "pk": 16,
  "fields": {
    "title": "Watches",
    "slug": "watches",
    "image": "",
    "parent": 8
  }
},
{
  "model": "products.category",
  "pk": 17,
  "fields": {
    "title": "Chargers",
    "slug": "chargers",
    "image": "",
    "parent": 8
  }
},
{
  "model": "products.category",
  "pk": 18,
  "fields": {
    "title": "Laptops",
    "slug": "laptops",
    "image": "",
    "parent": 9
  }
},
{
  "model": "products.category",
  "pk": 19,
  "fields": {
    "title": "Tablets",
    "slug": "tablets",
    "image": "",
    "parent": 9
  }
},
{
  "model": "products.category",
  "pk": 20,
  "fields": {
    "title": "Gaming Consoles",
    "slug": "gaming-consoles",
    "image": "",
    "parent": 9
  }
},
{
  "model": "products.category",
  "pk": 21,
  "fields": {
    "title": "Cameras",
    "slug": "cameras",
    "image": "",
    "parent": 10
  }
},
{
  "model": "products.category",
  "pk": 22,
  "fields": {
    "title": "Lenses",
    "slug": "lenses",
    "image": "",
    "parent": 10
  }
},
{
  "model": "products.category",
  "pk": 23,
  "fields": {
    "title": "Tripods",
    "slug": "tripods",
    "image": "",
    "parent": 10
  }
},
{
  "model": "products.category",
  "pk": 24,
  "fields": {
    "title": "Washing Machines",
    "slug": "washing-machines",
    "image": "",
    "parent": 11
  }
},
{
  "model": "products.category",
  "pk": 25,
  "fields": {
    "title": "Dishwashers",
    "slug": "dishwashers",
    "image": "",
    "parent": 11
  }
},
{
  "model": "products.category",
  "pk": 26,
  "fields": {
    "title": "Stoves",
    "slug": "stoves",
    "image": "",
    "parent": 11
  }
},
{
  "model": "products.category",
  "pk": 27,
  "fields": {
    "title": "Air Conditioners",
    "slug": "air-conditioners",
    "image": "",
    "parent": 12
  }
},
{
  "model": "products.category",
  "pk": 28,
  "fields": {
    "title": "Heaters",
    "slug": "heaters",
    "image": "",
    "parent": 12
  }
},
{
  "model": "products.customtag",
  "fields": {
    "name": "iphone",
    "slug": "iphone",
    "display": true
  }
},
{
  "model": "products.customtag",
  "fields": {
    "name": "fsssd",
    "slug": "fsssd",
    "display": true
  }
},
{
  "model": "products.customtag",
  "fields": {
    "name": "tag1",
    "slug": "tag1",
    "display": false
  }
},
{
  "model": "products.customtag",
  "fields": {
    "name": "tag2",
    "slug": "tag2",
    "display": false
  }
},
{
  "model": "products.customtag",
  "fields": {
    "name": "laptop",
    "slug": "laptop",
    "display": false
  }
},
{
  "model": "products.customtag",
  "fields": {
    "name": "phone",
    "slug": "phone",
    "display": false
  }
},
{
  "model": "products.customtag",
  "fields": {
    "name": "test",
    "slug": "test",
    "display": false
  }
},
{
  "model": "products.customtag",
  "fields": {
    "name": "xiaomi",
    "slug": "xiaomi",
    "display": false
  }
},
{
  "model": "products.customtaggeditem",
  "fields": {
    "content_type": [
      "products",
      "product"
    ],
    "object_id": 11,
    "tag": [
      "iphone"
    ]
  }
},
{
  "model": "products.customtaggeditem",
  "fields": {
    "content_type": [
      "products",
      "product"
    ],
    "object_id": 11,
    "tag": [
      "fsssd"
    ]
  }
},
{
  "model": "products.customtaggeditem",
  "fields": {
    "content_type": [
      "products",
      "product"
    ],
    "object_id": 22,
    "tag": [
      "tag1"
    ]
  }
},
{
  "model": "products.customtaggeditem",
  "fields": {
    "content_type": [
      "products",
      "product"
    ],
    "object_id": 22,
    "tag": [
      "iphone"
    ]
  }
},
{
  "model": "products.customtaggeditem",
  "fields": {
    "content_type": [
      "products",
      "product"
    ],
    "object_id": 18,
    "tag": [
      "iphone"
    ]
  }
},
{
  "model": "products.customtaggeditem",
  "fields": {
    "content_type": [
      "products",
      "product"
    ],
    "object_id": 16,
    "tag": [
      "iphone"
    ]
  }
},
{
  "model": "products.customtaggeditem",
  "fields": {
    "content_type": [
      "products",
      "product"
    ],
    "object_id": 25,
    "tag": [
      "laptop"
    ]
  }
},
{
  "model": "products.customtaggeditem",
  "fields": {
    "content_type": [
      "products",
      "product"
    ],
    "object_id": 25,
    "tag": [
      "phone"
    ]
  }
},
{
  "model": "products.customtaggeditem",
  "fields": {
    "content_type": [
      "products",
      "product"
    ],
    "object_id": 28,
    "tag": [
      "test"
    ]
  }
},
{
  "model": "products.customtaggeditem",
  "fields": {
    "content_type": [
      "products",
      "product"
    ],
    "object_id": 28,
    "tag": [
      "xiaomi"
    ]
  }
},
{
  "model": "products.brand",
  "pk": 1,
  "fields": {
    "name": "Apple",
    "slug": "apple",
    "description": "Innovative technology company.",
    "image": "brands/apple.jpg",
    "foundation_year": 1976
  }
},
{
  "model": "products.brand",
  "pk": 2,
  "fields": {
    "name": "Samsung",
    "slug": "samsung",
    "description": "South Korean multinational electronics company.",
    "image": "brands/samsung.png",
    "foundation_year": 1938
  }
},
{
  "model": "products.brand",
  "pk": 3,
  "fields": {
    "name": "Sony",
    "slug": "sony",
    "description": "Japanese multinational corporation.",
    "image": "brands/sony.png",
    "foundation_year": 1946
  }
},
{
  "model": "products.brand",
  "pk": 4,
  "fields": {
    "name": "Dell",
    "slug": "dell",
    "description": "American technology company.",
    "image": "brands/dell.png",
    "foundation_year": 1984
  }
},
{
  "model": "products.brand",
  "pk": 5,
  "fields": {
    "name": "HP",
    "slug": "hp",
    "description": "Hewlett-Packard, a global IT company.",
    "image": "brands/hp.png",
    "foundation_year": 1939
  }
},
{
  "model": "products.brand",
  "pk": 6,
  "fields": {
    "name": "Canon",
    "slug": "canon",
    "description": "Japanese imaging and optical products company.",
    "image": "brands/canon.png",
    "foundation_year": 1937
  }
},
{
  "model": "products.brand",
  "pk": 7,
  "fields": {
    "name": "Bose",
    "slug": "bose",
    "description": "American audio equipment manufacturer.",
    "image": "brands/bose.jpg",
    "foundation_year": 1964
  }
},
{
  "model": "products.brand",
  "pk": 8,
  "fields": {
    "name": "Philips",
    "slug": "philips",
    "description": "Dutch multinational electronics company.",
    "image": "brands/philips.jpg",
    "foundation_year": 1891
  }
},
{
  "model": "products.brand",
  "pk": 9,
  "fields": {
    "name": "LG",
    "slug": "lg",
    "description": "South Korean electronics and home appliances company.",
    "image": "brands/lg.png",
    "foundation_year": 1958
  }
},
{
  "model": "products.brand",
  "pk": 10,
  "fields": {
    "name": "Xiaomi",
    "slug": "xiaomi",
    "description": "Chinese electronics company.",
    "image": "brands/xiaomi.png",
    "foundation_year": 2010
  }
},
{
  "model": "products.characteristic",
  "pk": 5,
  "fields": {
    "title": "Screen Size",
    "slug": "screen-size",
    "category": 13,
    "main": true
  }
},
{
  "model": "products.characteristic",
  "pk": 6,
  "fields": {
    "title": "Battery Capacity",
    "slug": "battery-capacity",
    "category": 13,
    "main": true
  }
},
{
  "model": "products.characteristic",
  "pk": 7,
  "fields": {
    "title": "Camera Resolution",
    "slug": "camera-resolution",
    "category": 13,
    "main": false
  }
},
{
  "model": "products.characteristic",
  "pk": 8,
  "fields": {
    "title": "Processor",
    "slug": "processor",
    "category": 18,
    "main": false
  }
},
{
  "model": "products.characteristic",
  "pk": 9,
  "fields": {
    "title": "RAM",
    "slug": "ram",
    "category": 18,
    "main": false
  }
},
{
  "model": "products.characteristic",
  "pk": 10,
  "fields": {
    "title": "Storage",
    "slug": "storage",
    "category": 18,
    "main": false
  }
},
{
  "model": "products.characteristic",
  "pk": 11,
  "fields": {
    "title": "Wireless",
    "slug": "wireless",
    "category": 15,
    "main": false
  }
},
{
  "model": "products.characteristic",
  "pk": 12,
  "fields": {
    "title": "Battery Life",
    "slug": "battery-life",
    "category": 15,
    "main": false
  }
},
{
  "model": "products.characteristic",
  "pk": 13,
  "fields": {
    "title": "Noise Cancellation",
    "slug": "noise-cancellation",
    "category": 15,
    "main": false
  }
},
{
  "model": "products.characteristic",
  "pk": 14,
  "fields": {
    "title": "Megapixels",
    "slug": "megapixels",
    "category": 21,
    "main": false
  }
},
{
  "model": "products.characteristic",
  "pk": 15,
  "fields": {
    "title": "Lens Type",
    "slug": "lens-type",
    "category": 21,
    "main": false
  }
},
{
  "model": "products.characteristic",
  "pk": 16,
  "fields": {
    "title": "ISO Range",
    "slug": "iso-range",
    "category": 21,
    "main": false
  }
},
{
  "model": "products.productcharacteristic",
  "pk": 2,
  "fields": {
    "product": 11,
    "characteristic": 5,
    "value": "6.1 inches"
  }
},
{
  "model": "products.productcharacteristic",
  "pk": 3,
  "fields": {
    "product": 11,
    "characteristic": 6,
    "value": "3200 mAh"
  }
},
{
  "model": "products.productcharacteristic",
  "pk": 4,
  "fields": {
    "product": 11,
    "characteristic": 7,
    "value": "48 MP"
  }
},
{
  "model": "products.productcharacteristic",
  "pk": 5,
  "fields": {
    "product": 13,
    "characteristic": 8,
    "value": "Apple M2"
  }
},
{
  "model": "products.productcharacteristic",
  "pk": 6,
  "fields": {
    "product": 13,
    "characteristic": 9,
    "value": "16 GB"
  }
},
{
  "model": "products.productcharacteristic",
  "pk": 7,
  "fields": {
    "product": 13,
    "characteristic": 10,
    "value": "512 GB SSD"
  }
},
{
  "model": "products.productcharacteristic",
  "pk": 8,
  "fields": {
    "product": 12,
    "characteristic": 7,
    "value": "64 MP"
  }
},
{
  "model": "products.productcharacteristic",
  "pk": 9,
  "fields": {
    "product": 12,
    "characteristic": 6,
    "value": "4000 mAh"
  }
},
{
  "model": "products.productcharacteristic",
  "pk": 10,
  "fields": {
    "product": 12,
    "characteristic": 5,
    "value": "4.3 inches"
  }
},
{
  "model": "products.productcharacteristic",
  "pk": 11,
  "fields": {
    "product": 22,
    "characteristic": 5,
    "value": "6.1 inches"
  }
},
{
  "model": "products.productimage",
  "pk": 1,
  "fields": {
    "image": "products/iphone-14-pro1.jpg",
    "product": 11
  }
},
{
  "model": "products.productimage",
  "pk": 2,
  "fields": {
    "image": "products/iphone-14-pro2.jpg",
    "product": 11
  }
},
{
  "model": "products.productimage",
  "pk": 3,
  "fields": {
    "image": "products/iphone-14-pro3.jpg",
    "product": 11
  }
},
{
  "model": "products.productimage",
  "pk": 4,
  "fields": {
    "image": "products/samsung-galaxy-s231.jpg",
    "product": 12
  }
},
{
  "model": "products.productimage",
  "pk": 5,
  "fields": {
    "image": "products/samsung-galaxy-s232.jpg",
    "product": 12
  }
},
{
  "model": "products.productimage",
  "pk": 6,
  "fields": {
    "image": "products/macbook-air-m21.jpg",
    "product": 13
  }
},
{
  "model": "products.productimage",
  "pk": 7,
  "fields": {
    "image": "products/macbook-air-m22.jpeg",
    "product": 13
  }
},
{
  "model": "products.productimage",
  "pk": 8,
  "fields": {
    "image": "products/dell-xps-151.jpeg",
    "product": 14
  }
},
{
  "model": "products.productimage",
  "pk": 9,
  "fields": {
    "image": "products/dell-xps-152.jpeg",
    "product": 14
  }
},
{
  "model": "products.productimage",
  "pk": 10,
  "fields": {
    "image": "products/sony-wh-1000xm51.jpg",
    "product": 15
  }
},
{
  "model": "products.productimage",
  "pk": 11,
  "fields": {
    "image": "products/sony-wh-1000xm52.png",
    "product": 15
  }
},
{
  "model": "products.productimage",
  "pk": 12,
  "fields": {
    "image": "products/bose-qc45.jpeg",
    "product": 16
  }
},
{
  "model": "products.productimage",
  "pk": 13,
  "fields": {
    "image": "products/bose-qc452.jpg",
    "product": 16
  }
},
{
  "model": "products.productimage",
  "pk": 14,
  "fields": {
    "image": "products/canon-eos-r61.jpeg",
    "product": 17
  }
},
{
  "model": "products.productimage",
  "pk": 15,
  "fields": {
    "image": "products/canon-eos-r62.jpeg",
    "product": 17
  }
},
{
  "model": "products.productimage",
  "pk": 16,
  "fields": {
    "image": "products/philips-air-purifier.jpeg",
    "product": 19
  }
},
{
  "model": "products.productimage",
  "pk": 17,
  "fields": {
    "image": "products/xiaomi-air-conditioner1.png",
    "product": 20
  }
},
{
  "model": "products.productimage",
  "pk": 18,
  "fields": {
    "image": "products/xiaomi-air-conditioner2.jpg",
    "product": 20
  }
},
{
  "model": "products.productimage",
  "pk": 19,
  "fields": {
    "image": "products/ab67616100005174f7b952107c126c561c52171e.jpeg",
    "product": 23
  }
},
{
  "model": "products.productimage",
  "pk": 20,
  "fields": {
    "image": "products/0EDA7A60-C2FD-42F0-AC94-BBA9B8039171_1_105_c.jpeg",
    "product": 26
  }
},
{
  "model": "products.productimage",
  "pk": 21,
  "fields": {
    "image": "products/03F80AE4-E009-47EE-94D3-C564BE44A1BB_1_105_c.jpeg",
    "product": 26
  }
},
{
  "model": "products.productimage",
  "pk": 22,
  "fields": {
    "image": "products/031A93B1-CCAE-4576-9A4E-3EA69E38A22E_1_105_c.jpeg",
    "product": 26
  }
},
{
  "model": "products.productimage",
  "pk": 23,
  "fields": {
    "image": "products/my_photo.JPG",
    "product": 28
  }
},
{
  "model": "products.productimage",
  "pk": 24,
  "fields": {
    "image": "products/61134847-0-app-intro.png",
    "product": 28
  }
},
{
  "model": "products.reviewimage",
  "pk": 1,
  "fields": {
    "image": "reviews/test1.png",
    "review": 10
  }
},
{
  "model": "products.reviewimage",
  "pk": 2,
  "fields": {
    "image": "reviews/test3.jpeg",
    "review": 10
  }
},
{
  "model": "products.reviewimage",
  "pk": 11,
  "fields": {
    "image": "reviews/0A6C7A55-7F24-481C-B840-D552F7A42045_1_105_c.jpeg",
    "review": 12
  }
},
{
  "model": "users.address",
  "pk": 1,
  "fields": {
    "address_field1": "Butlerstown house",
    "address_field2": "Butlerstown",
    "city": "Waterford",
    "postal_code": "X91YAA8",
    "country": "Ireland",
    "state": "Waterford"
  }
},
{
  "model": "users.address",
  "pk": 5,
  "fields": {
    "address_field1": "ccccc",
    "address_field2": "cccc",
    "city": "ccccc",
    "postal_code": "ccccc",
    "country": "cc",
    "state": "fffff"
  }
},
{
  "model": "users.address",
  "pk": 6,
  "fields": {
    "address_field1": "",
    "address_field2": null,
    "city": "vvvvvv",
    "postal_code": "vvvvvv",
    "country": "vvvvv",
    "state": null
  }
},
{
  "model": "users.address",
  "pk": 7,
  "fields": {
    "address_field1": "Butlerstown house",
    "address_field2": "Butlerstown",
    "city": "Waterford",
    "postal_code": "X91YAA8",
    "country": "Ireland",
    "state": null
  }
},
{
  "model": "users.address",
  "pk": 8,
  "fields": {
    "address_field1": "Butlerstown house",
    "address_field2": "Butlerstown4",
    "city": "Waterford",
    "postal_code": "X91YAA8",
    "country": "Ireland",
    "state": "Waterford"
  }
},
{
  "model": "users.address",
  "pk": 9,
  "fields": {
    "address_field1": "Butlerstown house",
    "address_field2": "Butlerstown445",
    "city": "Waterford",
    "postal_code": "X91YAA8",
    "country": "Ireland",
    "state": "Waterford"
  }
},
{
  "model": "users.address",
  "pk": 10,
  "fields": {
    "address_field1": "Butlerstown house",
    "address_field2": "Butlerstown",
    "city": "Waterford",
    "postal_code": "X91YAA8",
    "country": "Ireland",
    "state": "Waterford12"
  }
},
{
  "model": "carts.cart",
  "pk": 1,
  "fields": {
    "receiver": null,
    "session_key": null,
    "created_at": "2025-03-10",
    "is_completed": false,
    "date_completed": null,
    "order_number": "wwwwww",
    "stripe_id": "",
    "coupon": null,
    "discount": 0
  }
},
{
  "model": "carts.cart",
  "pk": 2,
  "fields": {
    "receiver": 4,
    "session_key": null,
    "created_at": "2025-03-10",
    "is_completed": true,
    "date_completed": "2025-03-09",
    "order_number": "qqqqqqqqqq",
    "stripe_id": "",
    "coupon": null,
    "discount": 0
  }
},
{
  "model": "carts.cart",
  "pk": 3,
  "fields": {
    "receiver": 4,
    "session_key": null,
    "created_at": "2025-03-10",
    "is_completed": true,
    "date_completed": "2025-03-10",
    "order_number": "jhgfgdv",
    "stripe_id": "",
    "coupon": null,
    "discount": 0
  }
},
{
  "model": "carts.cart",
  "pk": 4,
  "fields": {
    "receiver": 4,
    "session_key": null,
    "created_at": "2025-03-10",
    "is_completed": true,
    "date_completed": "2025-03-10",
    "order_number": "vbhgfdsxs",
    "stripe_id": "",
    "coupon": null,
    "discount": 0
  }
},
{
  "model": "carts.cart",
  "pk": 5,
  "fields": {
    "receiver": null,
    "session_key": "bcreooep28vh067n0ls2n2hwm50b8yuo",
    "created_at": "2025-03-10",
    "is_completed": false,
    "date_completed": null,
    "order_number": "hghfdsscax",
    "stripe_id": "",
    "coupon": null,
    "discount": 0
  }
},
{
  "model": "carts.cart",
  "pk": 6,
  "fields": {
    "receiver": null,
    "session_key": "wglpje7gc0ve6dz34t66ouchkkcvren3",
    "created_at": "2025-03-10",
    "is_completed": false,
    "date_completed": null,
    "order_number": "nhjgfdcdc",
    "stripe_id": "",
    "coupon": null,
    "discount": 0
  }
},
{
  "model": "carts.cart",
  "pk": 7,
  "fields": {
    "receiver": null,
    "session_key": "h1yj58xtctgm0nyv5a35osdbn3z77oud",
    "created_at": "2025-03-10",
    "is_completed": false,
    "date_completed": null,
    "order_number": "dscswssa",
    "stripe_id": "",
    "coupon": null,
    "discount": 0
  }
},
{
  "model": "carts.cart",
  "pk": 8,
  "fields": {
    "receiver": null,
    "session_key": "anvqrvqmx05t1a5vij5myywduvmts88v",
    "created_at": "2025-03-10",
    "is_completed": false,
    "date_completed": null,
    "order_number": "BFBVDCS",
    "stripe_id": "",
    "coupon": null,
    "discount": 0
  }
},
{
  "model": "carts.cart",
  "pk": 11,
  "fields": {
    "receiver": 4,
    "session_key": null,
    "created_at": "2025-03-10",
    "is_completed": true,
    "date_completed": "2025-03-12",
    "order_number": "dasdaaSAD",
    "stripe_id": "",
    "coupon": null,
    "discount": 0
  }
},
{
  "model": "carts.cart",
  "pk": 12,
  "fields": {
    "receiver": 5,
    "session_key": null,
    "created_at": "2025-03-10",
    "is_completed": false,
    "date_completed": null,
    "order_number": "dasadsdasda",
    "stripe_id": "",
    "coupon": null,
    "discount": 0
  }
},
{
  "model": "carts.cart",
  "pk": 14,
  "fields": {
    "receiver": 4,
    "session_key": null,
    "created_at": "2025-03-12",
    "is_completed": true,
    "date_completed": "2025-03-12",
    "order_number": "20250312-CAC751",
    "stripe_id": "",
    "coupon": null,
    "discount": 0
  }
},
{
  "model": "carts.cart",
  "pk": 15,
  "fields": {
    "receiver": 4,
    "session_key": null,
    "created_at": "2025-03-12",
    "is_completed": true,
    "date_completed": "2025-03-12",
    "order_number": "20250312-26E424",
    "stripe_id": "",
    "coupon": null,
    "discount": 0
  }
},
{
  "model": "carts.cart",
  "pk": 16,
  "fields": {
    "receiver": 4,
    "session_key": null,
    "created_at": "2025-03-12",
    "is_completed": true,
    "date_completed": "2025-03-12",
    "order_number": "20250312-8AAFAA",
    "stripe_id": "",
    "coupon": null,
    "discount": 0
  }
},
{
  "model": "carts.cart",
  "pk": 17,
  "fields": {
    "receiver": 4,
    "session_key": null,
    "created_at": "2025-03-12",
    "is_completed": true,
    "date_completed": "2025-03-12",
    "order_number": "20250312-965EAB",
    "stripe_id": "",
    "coupon": null,
    "discount": 0
  }
},
{
  "model": "carts.cart",
  "pk": 18,
  "fields": {
    "receiver": 4,
    "session_key": null,
    "created_at": "2025-03-12",
    "is_completed": true,
    "date_completed": "2025-03-12",
    "order_number": "20250312-8BF246",
    "stripe_id": "",
    "coupon": null,
    "discount": 0
  }
},
{
  "model": "carts.cart",
  "pk": 19,
  "fields": {
    "receiver": 4,
    "session_key": null,
    "created_at": "2025-03-12",
    "is_completed": true,
    "date_completed": "2025-03-12",
    "order_number": "20250312-9D32CA",
    "stripe_id": "",
    "coupon": null,
    "discount": 0
  }
},
{
  "model": "carts.cart",
  "pk": 20,
  "fields": {
    "receiver": 6,
    "session_key": null,
    "created_at": "2025-03-12",
    "is_completed": false,
    "date_completed": null,
    "order_number": "20250312-A42F8A",
    "stripe_id": "",
    "coupon": null,
    "discount": 0
  }
},
{
  "model": "carts.cart",
  "pk": 21,
  "fields": {
    "receiver": 4,
    "session_key": null,
    "created_at": "2025-03-12",
    "is_completed": true,
    "date_completed": "2025-03-25",
    "order_number": "20250312-51B980",
    "stripe_id": "",
    "coupon": null,
    "discount": 0
  }
},
{
  "model": "carts.cart",
  "pk": 26,
  "fields": {
    "receiver": 4,
    "session_key": null,
    "created_at": "2025-03-26",
    "is_completed": true,
    "date_completed": "2025-03-26",
    "order_number": "20250326-DB1AEC",
    "stripe_id": "",
    "coupon": null,
    "discount": 0
  }
},
{
  "model": "carts.cart",
  "pk": 27,
  "fields": {
    "receiver": 4,
    "session_key": null,
    "created_at": "2025-03-26",
    "is_completed": true,
    "date_completed": "2025-05-09",
    "order_number": "20250326-8A1AA0",
    "stripe_id": "",
    "coupon": null,
    "discount": 0
  }
},
{
  "model": "carts.cart",
  "pk": 28,
  "fields": {
    "receiver": 7,
    "session_key": null,
    "created_at": "2025-05-09",
    "is_completed": true,
    "date_completed": "2025-05-09",
    "order_number": "20250509-4449F5",
    "stripe_id": "",
    "coupon": null,
    "discount": 0
  }
},
{
  "model": "carts.cart",
  "pk": 29,
  "fields": {
    "receiver": 7,
    "session_key": null,
    "created_at": "2025-05-09",
    "is_completed": true,
    "date_completed": "2025-05-09",
    "order_number": "20250509-013A2B",
    "stripe_id": "",
    "coupon": null,
    "discount": 0
  }
},
{
  "model": "carts.cart",
  "pk": 30,
  "fields": {
    "receiver": 4,
    "session_key": null,
    "created_at": "2025-05-09",
    "is_completed": true,
    "date_completed": "2025-05-09",
    "order_number": "20250509-A304A6",
    "stripe_id": "",
    "coupon": null,
    "discount": 0
  }
},
{
  "model": "carts.cart",
  "pk": 31,
  "fields": {
    "receiver": 7,
    "session_key": null,
    "created_at": "2025-05-09",
    "is_completed": true,
    "date_completed": "2025-05-09",
    "order_number": "20250509-18A346",
    "stripe_id": "",
    "coupon": null,
    "discount": 0
  }
},
{
  "model": "carts.cart",
  "pk": 32,
  "fields": {
    "receiver": 7,
    "session_key": null,
    "created_at": "2025-05-09",
    "is_completed": false,
    "date_completed": null,
    "order_number": "20250509-AC8E30",
    "stripe_id": "",
    "coupon": null,
    "discount": 0
  }
},
{
  "model": "carts.cart",
  "pk": 33,
  "fields": {
    "receiver": 4,
    "session_key": null,
    "created_at": "2025-05-09",
    "is_completed": true,
    "date_completed": "2025-05-09",
    "order_number": "20250509-B63DF0",
    "stripe_id": "",
    "coupon": null,
    "discount": 0
  }
},
{
  "model": "carts.cart",
  "pk": 34,
  "fields": {
    "receiver": 4,
    "session_key": null,
    "created_at": "2025-05-09",
    "is_completed": true,
    "date_completed": "2025-05-09",
    "order_number": "20250509-F5E061",
    "stripe_id": "",
    "coupon": null,
    "discount": 0
  }
},
{
  "model": "carts.cart",
  "pk": 35,
  "fields": {
    "receiver": 4,
    "session_key": null,
    "created_at": "2025-05-09",
    "is_completed": true,
    "date_completed": "2025-05-09",
    "order_number": "20250509-213F5E",
    "stripe_id": "",
    "coupon": null,
    "discount": 0
  }
},
{
  "model": "carts.cart",
  "pk": 36,
  "fields": {
    "receiver": 4,
    "session_key": null,
    "created_at": "2025-05-31",
    "is_completed": true,
    "date_completed": "2025-06-03",
    "order_number": "20250531-81A0AC",
    "stripe_id": "",
    "coupon": null,
    "discount": 0
  }
},
{
  "model": "carts.cart",
  "pk": 37,
  "fields": {
    "receiver": 4,
    "session_key": "zq1alk45p7gqj1f149lukvilzo685l0k",
    "created_at": "2025-06-03",
    "is_completed": true,
    "date_completed": "2025-06-03",
    "order_number": "20250603-C83F6A",
    "stripe_id": "pi_3RW1epI80SgAAELD1dBgdyvB",
    "coupon": null,
    "discount": 0
  }
},
{
  "model": "carts.cart",
  "pk": 38,
  "fields": {
    "receiver": 4,
    "session_key": "zq1alk45p7gqj1f149lukvilzo685l0k",
    "created_at": "2025-06-03",
    "is_completed": true,
    "date_completed": "2025-06-03",
    "order_number": "20250603-761E2F",
    "stripe_id": "pi_3RW279I80SgAAELD0hU33p8J",
    "coupon": null,
    "discount": 30
  }
},
{
  "model": "carts.cart",
  "pk": 39,
  "fields": {
    "receiver": 4,
    "session_key": "zq1alk45p7gqj1f149lukvilzo685l0k",
    "created_at": "2025-06-03",
    "is_completed": true,
    "date_completed": "2025-06-03",
    "order_number": "20250603-603725",
    "stripe_id": "pi_3RW2U5I80SgAAELD0HOlYCAL",
    "coupon": 1,
    "discount": 15
  }
},
{
  "model": "carts.cart",
  "pk": 40,
  "fields": {
    "receiver": 4,
    "session_key": null,
    "created_at": "2025-06-03",
    "is_completed": true,
    "date_completed": "2025-06-03",
    "order_number": "20250603-021602",
    "stripe_id": "pi_3RW2WNI80SgAAELD0GCWVMca",
    "coupon": 1,
    "discount": 15
  }
},
{
  "model": "carts.cart",
  "pk": 41,
  "fields": {
    "receiver": 4,
    "session_key": "zq1alk45p7gqj1f149lukvilzo685l0k",
    "created_at": "2025-06-03",
    "is_completed": true,
    "date_completed": "2025-06-03",
    "order_number": "20250603-9CB26D",
    "stripe_id": "pi_3RW2pKI80SgAAELD0qqux53F",
    "coupon": 1,
    "discount": 15
  }
},
{
  "model": "carts.cart",
  "pk": 43,
  "fields": {
    "receiver": 4,
    "session_key": null,
    "created_at": "2025-06-03",
    "is_completed": true,
    "date_completed": "2025-06-03",
    "order_number": "20250603-938E21",
    "stripe_id": "pi_3RW2v8I80SgAAELD0OSvJTe3",
    "coupon": 3,
    "discount": 20
  }
},
{
  "model": "carts.cart",
  "pk": 44,
  "fields": {
    "receiver": 4,
    "session_key": "zyezc7gxlmojj8xhyuucrjmdd5z6opv5",
    "created_at": "2025-06-03",
    "is_completed": true,
    "date_completed": "2025-06-03",
    "order_number": "20250603-0F7A6C",
    "stripe_id": "pi_3RW2wtI80SgAAELD0axbjsvI",
    "coupon": 3,
    "discount": 20
  }
},
{
  "model": "carts.cart",
  "pk": 45,
  "fields": {
    "receiver": 4,
    "session_key": "zyezc7gxlmojj8xhyuucrjmdd5z6opv5",
    "created_at": "2025-06-03",
    "is_completed": true,
    "date_completed": "2025-06-03",
    "order_number": "20250603-ADC5C3",
    "stripe_id": "pi_3RW2zHI80SgAAELD0CMdKcz4",
    "coupon": 3,
    "discount": 20
  }
},
{
  "model": "carts.cart",
  "pk": 46,
  "fields": {
    "receiver": 4,
    "session_key": "zyezc7gxlmojj8xhyuucrjmdd5z6opv5",
    "created_at": "2025-06-03",
    "is_completed": true,
    "date_completed": "2025-06-03",
    "order_number": "20250603-0A0474",
    "stripe_id": "pi_3RW363I80SgAAELD1ojDRHam",
    "coupon": 3,
    "discount": 20
  }
},
{
  "model": "carts.cart",
  "pk": 47,
  "fields": {
    "receiver": 4,
    "session_key": null,
    "created_at": "2025-06-03",
    "is_completed": true,
    "date_completed": "2025-06-03",
    "order_number": "20250603-58F1C8",
    "stripe_id": "pi_3RW3YsI80SgAAELD0HHeo6YU",
    "coupon": 1,
    "discount": 15
  }
},
{
  "model": "carts.cart",
  "pk": 48,
  "fields": {
    "receiver": 4,
    "session_key": null,
    "created_at": "2025-06-03",
    "is_completed": true,
    "date_completed": "2025-06-03",
    "order_number": "20250603-2407E0",
    "stripe_id": "pi_3RW3bCI80SgAAELD1FeqbUvf",
    "coupon": null,
    "discount": 0
  }
},
{
  "model": "carts.cart",
  "pk": 49,
  "fields": {
    "receiver": 4,
    "session_key": null,
    "created_at": "2025-06-03",
    "is_completed": false,
    "date_completed": null,
    "order_number": "20250603-8F32BB",
    "stripe_id": "",
    "coupon": null,
    "discount": 0
  }
},
{
  "model": "carts.orderedproduct",
  "pk": 1,
  "fields": {
    "product": 17,
    "cart": 1,
    "quantity": 0,
    "added_at": "2025-03-10T09:49:52.075Z",
    "price_at_purchase": null
  }
},
{
  "model": "carts.orderedproduct",
  "pk": 2,
  "fields": {
    "product": 19,
    "cart": 1,
    "quantity": 0,
    "added_at": "2025-03-10T09:49:55.565Z",
    "price_at_purchase": null
  }
},
{
  "model": "carts.orderedproduct",
  "pk": 3,
  "fields": {
    "product": 16,
    "cart": 1,
    "quantity": 1,
    "added_at": "2025-03-10T09:52:40.884Z",
    "price_at_purchase": null
  }
},
{
  "model": "carts.orderedproduct",
  "pk": 4,
  "fields": {
    "product": 11,
    "cart": 1,
    "quantity": 2,
    "added_at": "2025-03-10T11:23:46.161Z",
    "price_at_purchase": null
  }
},
{
  "model": "carts.orderedproduct",
  "pk": 5,
  "fields": {
    "product": 16,
    "cart": 2,
    "quantity": 5,
    "added_at": "2025-03-10T18:08:12.797Z",
    "price_at_purchase": null
  }
},
{
  "model": "carts.orderedproduct",
  "pk": 6,
  "fields": {
    "product": 11,
    "cart": 2,
    "quantity": 4,
    "added_at": "2025-03-10T18:08:14.613Z",
    "price_at_purchase": null
  }
},
{
  "model": "carts.orderedproduct",
  "pk": 7,
  "fields": {
    "product": 22,
    "cart": 3,
    "quantity": 1,
    "added_at": "2025-03-10T18:55:01.130Z",
    "price_at_purchase": null
  }
},
{
  "model": "carts.orderedproduct",
  "pk": 8,
  "fields": {
    "product": 11,
    "cart": 3,
    "quantity": 1,
    "added_at": "2025-03-10T18:55:02.843Z",
    "price_at_purchase": null
  }
},
{
  "model": "carts.orderedproduct",
  "pk": 9,
  "fields": {
    "product": 16,
    "cart": 4,
    "quantity": 3,
    "added_at": "2025-03-10T19:47:01.292Z",
    "price_at_purchase": null
  }
},
{
  "model": "carts.orderedproduct",
  "pk": 10,
  "fields": {
    "product": 11,
    "cart": 4,
    "quantity": 18,
    "added_at": "2025-03-10T19:47:03.058Z",
    "price_at_purchase": null
  }
},
{
  "model": "carts.orderedproduct",
  "pk": 11,
  "fields": {
    "product": 16,
    "cart": 5,
    "quantity": 1,
    "added_at": "2025-03-10T19:47:25.020Z",
    "price_at_purchase": null
  }
},
{
  "model": "carts.orderedproduct",
  "pk": 12,
  "fields": {
    "product": 11,
    "cart": 5,
    "quantity": 1,
    "added_at": "2025-03-10T19:47:39.369Z",
    "price_at_purchase": null
  }
},
{
  "model": "carts.orderedproduct",
  "pk": 13,
  "fields": {
    "product": 13,
    "cart": 5,
    "quantity": 1,
    "added_at": "2025-03-10T19:47:43.039Z",
    "price_at_purchase": null
  }
},
{
  "model": "carts.orderedproduct",
  "pk": 14,
  "fields": {
    "product": 16,
    "cart": 6,
    "quantity": 1,
    "added_at": "2025-03-10T19:48:41.647Z",
    "price_at_purchase": null
  }
},
{
  "model": "carts.orderedproduct",
  "pk": 15,
  "fields": {
    "product": 11,
    "cart": 6,
    "quantity": 1,
    "added_at": "2025-03-10T19:48:43.250Z",
    "price_at_purchase": null
  }
},
{
  "model": "carts.orderedproduct",
  "pk": 16,
  "fields": {
    "product": 15,
    "cart": 6,
    "quantity": 1,
    "added_at": "2025-03-10T19:48:44.966Z",
    "price_at_purchase": null
  }
},
{
  "model": "carts.orderedproduct",
  "pk": 17,
  "fields": {
    "product": 15,
    "cart": 7,
    "quantity": 1,
    "added_at": "2025-03-10T19:51:55.227Z",
    "price_at_purchase": null
  }
},
{
  "model": "carts.orderedproduct",
  "pk": 18,
  "fields": {
    "product": 16,
    "cart": 7,
    "quantity": 2,
    "added_at": "2025-03-10T19:51:57.093Z",
    "price_at_purchase": null
  }
},
{
  "model": "carts.orderedproduct",
  "pk": 19,
  "fields": {
    "product": 11,
    "cart": 7,
    "quantity": 1,
    "added_at": "2025-03-10T19:51:58.461Z",
    "price_at_purchase": null
  }
},
{
  "model": "carts.orderedproduct",
  "pk": 20,
  "fields": {
    "product": 13,
    "cart": 8,
    "quantity": 1,
    "added_at": "2025-03-10T20:01:03.523Z",
    "price_at_purchase": null
  }
},
{
  "model": "carts.orderedproduct",
  "pk": 21,
  "fields": {
    "product": 14,
    "cart": null,
    "quantity": 1,
    "added_at": "2025-03-10T20:31:54.215Z",
    "price_at_purchase": null
  }
},
{
  "model": "carts.orderedproduct",
  "pk": 22,
  "fields": {
    "product": 14,
    "cart": 4,
    "quantity": 0,
    "added_at": "2025-03-10T20:40:58.994Z",
    "price_at_purchase": null
  }
},
{
  "model": "carts.orderedproduct",
  "pk": 23,
  "fields": {
    "product": 15,
    "cart": null,
    "quantity": 1,
    "added_at": "2025-03-10T20:41:09.108Z",
    "price_at_purchase": null
  }
},
{
  "model": "carts.orderedproduct",
  "pk": 24,
  "fields": {
    "product": 16,
    "cart": null,
    "quantity": 2,
    "added_at": "2025-03-10T20:41:10.536Z",
    "price_at_purchase": null
  }
},
{
  "model": "carts.orderedproduct",
  "pk": 25,
  "fields": {
    "product": 11,
    "cart": null,
    "quantity": 1,
    "added_at": "2025-03-10T20:41:11.664Z",
    "price_at_purchase": null
  }
},
{
  "model": "carts.orderedproduct",
  "pk": 26,
  "fields": {
    "product": 15,
    "cart": 4,
    "quantity": 1,
    "added_at": "2025-03-10T20:41:23.552Z",
    "price_at_purchase": null
  }
},
{
  "model": "carts.orderedproduct",
  "pk": 27,
  "fields": {
    "product": 11,
    "cart": 11,
    "quantity": 0,
    "added_at": "2025-03-10T21:13:07.667Z",
    "price_at_purchase": null
  }
},
{
  "model": "carts.orderedproduct",
  "pk": 28,
  "fields": {
    "product": 16,
    "cart": 11,
    "quantity": 2,
    "added_at": "2025-03-10T21:45:47.937Z",
    "price_at_purchase": null
  }
},
{
  "model": "carts.orderedproduct",
  "pk": 29,
  "fields": {
    "product": 16,
    "cart": 12,
    "quantity": 2,
    "added_at": "2025-03-10T23:36:23.828Z",
    "price_at_purchase": null
  }
},
{
  "model": "carts.orderedproduct",
  "pk": 30,
  "fields": {
    "product": 11,
    "cart": 12,
    "quantity": 6,
    "added_at": "2025-03-10T23:36:25.236Z",
    "price_at_purchase": null
  }
},
{
  "model": "carts.orderedproduct",
  "pk": 31,
  "fields": {
    "product": 12,
    "cart": 14,
    "quantity": 1,
    "added_at": "2025-03-12T19:29:38.081Z",
    "price_at_purchase": null
  }
},
{
  "model": "carts.orderedproduct",
  "pk": 32,
  "fields": {
    "product": 15,
    "cart": 14,
    "quantity": 1,
    "added_at": "2025-03-12T19:29:39.667Z",
    "price_at_purchase": null
  }
},
{
  "model": "carts.orderedproduct",
  "pk": 33,
  "fields": {
    "product": 16,
    "cart": 15,
    "quantity": 0,
    "added_at": "2025-03-12T21:51:59.948Z",
    "price_at_purchase": null
  }
},
{
  "model": "carts.orderedproduct",
  "pk": 34,
  "fields": {
    "product": 11,
    "cart": 15,
    "quantity": 1,
    "added_at": "2025-03-12T21:52:01.682Z",
    "price_at_purchase": null
  }
},
{
  "model": "carts.orderedproduct",
  "pk": 35,
  "fields": {
    "product": 12,
    "cart": 15,
    "quantity": 3,
    "added_at": "2025-03-12T21:52:04.056Z",
    "price_at_purchase": null
  }
},
{
  "model": "carts.orderedproduct",
  "pk": 36,
  "fields": {
    "product": 15,
    "cart": 15,
    "quantity": 0,
    "added_at": "2025-03-12T21:52:23.555Z",
    "price_at_purchase": null
  }
},
{
  "model": "carts.orderedproduct",
  "pk": 37,
  "fields": {
    "product": 12,
    "cart": 16,
    "quantity": 1,
    "added_at": "2025-03-12T22:09:04.709Z",
    "price_at_purchase": null
  }
},
{
  "model": "carts.orderedproduct",
  "pk": 38,
  "fields": {
    "product": 11,
    "cart": 16,
    "quantity": 1,
    "added_at": "2025-03-12T22:09:06.075Z",
    "price_at_purchase": null
  }
},
{
  "model": "carts.orderedproduct",
  "pk": 39,
  "fields": {
    "product": 16,
    "cart": 17,
    "quantity": 0,
    "added_at": "2025-03-12T22:13:17.988Z",
    "price_at_purchase": null
  }
},
{
  "model": "carts.orderedproduct",
  "pk": 40,
  "fields": {
    "product": 17,
    "cart": 17,
    "quantity": 1,
    "added_at": "2025-03-12T22:13:19.965Z",
    "price_at_purchase": null
  }
},
{
  "model": "carts.orderedproduct",
  "pk": 41,
  "fields": {
    "product": 12,
    "cart": 17,
    "quantity": 1,
    "added_at": "2025-03-12T22:13:25.653Z",
    "price_at_purchase": null
  }
},
{
  "model": "carts.orderedproduct",
  "pk": 42,
  "fields": {
    "product": 12,
    "cart": 18,
    "quantity": 1,
    "added_at": "2025-03-12T22:14:36.347Z",
    "price_at_purchase": null
  }
},
{
  "model": "carts.orderedproduct",
  "pk": 43,
  "fields": {
    "product": 11,
    "cart": 18,
    "quantity": 1,
    "added_at": "2025-03-12T22:14:37.510Z",
    "price_at_purchase": null
  }
},
{
  "model": "carts.orderedproduct",
  "pk": 44,
  "fields": {
    "product": 11,
    "cart": 19,
    "quantity": 1,
    "added_at": "2025-03-12T22:17:29.776Z",
    "price_at_purchase": null
  }
},
{
  "model": "carts.orderedproduct",
  "pk": 45,
  "fields": {
    "product": 12,
    "cart": 19,
    "quantity": 1,
    "added_at": "2025-03-12T22:17:31.132Z",
    "price_at_purchase": null
  }
},
{
  "model": "carts.orderedproduct",
  "pk": 46,
  "fields": {
    "product": 16,
    "cart": 21,
    "quantity": 0,
    "added_at": "2025-03-13T08:27:26.170Z",
    "price_at_purchase": null
  }
},
{
  "model": "carts.orderedproduct",
  "pk": 47,
  "fields": {
    "product": 11,
    "cart": 21,
    "quantity": 2,
    "added_at": "2025-03-13T08:27:28.900Z",
    "price_at_purchase": null
  }
},
{
  "model": "carts.orderedproduct",
  "pk": 48,
  "fields": {
    "product": 12,
    "cart": 21,
    "quantity": 1,
    "added_at": "2025-03-23T08:28:17.949Z",
    "price_at_purchase": null
  }
},
{
  "model": "carts.orderedproduct",
  "pk": 49,
  "fields": {
    "product": 15,
    "cart": 21,
    "quantity": 0,
    "added_at": "2025-03-23T08:28:26.328Z",
    "price_at_purchase": null
  }
},
{
  "model": "carts.orderedproduct",
  "pk": 50,
  "fields": {
    "product": 14,
    "cart": 21,
    "quantity": 3,
    "added_at": "2025-03-23T08:28:31.478Z",
    "price_at_purchase": null
  }
},
{
  "model": "carts.orderedproduct",
  "pk": 51,
  "fields": {
    "product": 22,
    "cart": 21,
    "quantity": 0,
    "added_at": "2025-03-24T08:43:37.872Z",
    "price_at_purchase": null
  }
},
{
  "model": "carts.orderedproduct",
  "pk": 52,
  "fields": {
    "product": 18,
    "cart": 21,
    "quantity": 0,
    "added_at": "2025-03-25T11:07:34.165Z",
    "price_at_purchase": null
  }
},
{
  "model": "carts.orderedproduct",
  "pk": 53,
  "fields": {
    "product": 15,
    "cart": 26,
    "quantity": 2,
    "added_at": "2025-03-26T11:42:28.002Z",
    "price_at_purchase": null
  }
},
{
  "model": "carts.orderedproduct",
  "pk": 54,
  "fields": {
    "product": 11,
    "cart": 26,
    "quantity": 2,
    "added_at": "2025-03-26T11:42:30.514Z",
    "price_at_purchase": null
  }
},
{
  "model": "carts.orderedproduct",
  "pk": 55,
  "fields": {
    "product": 11,
    "cart": 27,
    "quantity": 6,
    "added_at": "2025-03-28T22:08:30.964Z",
    "price_at_purchase": "879.99"
  }
},
{
  "model": "carts.orderedproduct",
  "pk": 56,
  "fields": {
    "product": 16,
    "cart": 27,
    "quantity": 0,
    "added_at": "2025-04-01T10:49:17.939Z",
    "price_at_purchase": "329.99"
  }
},
{
  "model": "carts.orderedproduct",
  "pk": 57,
  "fields": {
    "product": 12,
    "cart": 27,
    "quantity": 1,
    "added_at": "2025-04-01T10:49:31.757Z",
    "price_at_purchase": "899.99"
  }
},
{
  "model": "carts.orderedproduct",
  "pk": 58,
  "fields": {
    "product": 13,
    "cart": 27,
    "quantity": 0,
    "added_at": "2025-04-01T10:49:36.763Z",
    "price_at_purchase": "1299.99"
  }
},
{
  "model": "carts.orderedproduct",
  "pk": 59,
  "fields": {
    "product": 26,
    "cart": 27,
    "quantity": 0,
    "added_at": "2025-04-13T11:42:06.807Z",
    "price_at_purchase": "862.39"
  }
},
{
  "model": "carts.orderedproduct",
  "pk": 60,
  "fields": {
    "product": 24,
    "cart": 28,
    "quantity": 2,
    "added_at": "2025-05-09T08:42:08.557Z",
    "price_at_purchase": null
  }
},
{
  "model": "carts.orderedproduct",
  "pk": 61,
  "fields": {
    "product": 15,
    "cart": 27,
    "quantity": 2,
    "added_at": "2025-05-09T12:02:58.191Z",
    "price_at_purchase": "399.99"
  }
},
{
  "model": "carts.orderedproduct",
  "pk": 62,
  "fields": {
    "product": 16,
    "cart": 29,
    "quantity": 0,
    "added_at": "2025-05-09T13:41:28.038Z",
    "price_at_purchase": "329.99"
  }
},
{
  "model": "carts.orderedproduct",
  "pk": 63,
  "fields": {
    "product": 12,
    "cart": 29,
    "quantity": 1,
    "added_at": "2025-05-09T13:41:29.845Z",
    "price_at_purchase": "899.99"
  }
},
{
  "model": "carts.orderedproduct",
  "pk": 64,
  "fields": {
    "product": 13,
    "cart": 29,
    "quantity": 3,
    "added_at": "2025-05-09T13:41:32.086Z",
    "price_at_purchase": "1299.99"
  }
},
{
  "model": "carts.orderedproduct",
  "pk": 65,
  "fields": {
    "product": 15,
    "cart": 29,
    "quantity": 1,
    "added_at": "2025-05-09T13:41:44.831Z",
    "price_at_purchase": "200.00"
  }
},
{
  "model": "carts.orderedproduct",
  "pk": 66,
  "fields": {
    "product": 15,
    "cart": 31,
    "quantity": 1,
    "added_at": "2025-05-09T13:45:34.764Z",
    "price_at_purchase": "200.00"
  }
},
{
  "model": "carts.orderedproduct",
  "pk": 67,
  "fields": {
    "product": 11,
    "cart": 31,
    "quantity": 1,
    "added_at": "2025-05-09T13:45:37.130Z",
    "price_at_purchase": "879.99"
  }
},
{
  "model": "carts.orderedproduct",
  "pk": 68,
  "fields": {
    "product": 15,
    "cart": 30,
    "quantity": 1,
    "added_at": "2025-05-09T13:48:28.542Z",
    "price_at_purchase": "200.00"
  }
},
{
  "model": "carts.orderedproduct",
  "pk": 69,
  "fields": {
    "product": 12,
    "cart": 33,
    "quantity": 1,
    "added_at": "2025-05-09T13:51:25.143Z",
    "price_at_purchase": "899.99"
  }
},
{
  "model": "carts.orderedproduct",
  "pk": 70,
  "fields": {
    "product": 15,
    "cart": 34,
    "quantity": 1,
    "added_at": "2025-05-09T14:00:26.842Z",
    "price_at_purchase": "200.00"
  }
},
{
  "model": "carts.orderedproduct",
  "pk": 71,
  "fields": {
    "product": 16,
    "cart": 34,
    "quantity": 0,
    "added_at": "2025-05-09T14:00:29.398Z",
    "price_at_purchase": "329.99"
  }
},
{
  "model": "carts.orderedproduct",
  "pk": 72,
  "fields": {
    "product": 15,
    "cart": 35,
    "quantity": 1,
    "added_at": "2025-05-09T14:06:10.810Z",
    "price_at_purchase": "200.00"
  }
},
{
  "model": "carts.orderedproduct",
  "pk": 73,
  "fields": {
    "product": 11,
    "cart": 36,
    "quantity": 1,
    "added_at": "2025-06-03T04:26:00.434Z",
    "price_at_purchase": "879.99"
  }
},
{
  "model": "carts.orderedproduct",
  "pk": 74,
  "fields": {
    "product": 15,
    "cart": 36,
    "quantity": 2,
    "added_at": "2025-06-03T04:26:03.563Z",
    "price_at_purchase": "200.00"
  }
},
{
  "model": "carts.orderedproduct",
  "pk": 75,
  "fields": {
    "product": 16,
    "cart": 36,
    "quantity": 0,
    "added_at": "2025-06-03T04:26:08.772Z",
    "price_at_purchase": "329.99"
  }
},
{
  "model": "carts.orderedproduct",
  "pk": 76,
  "fields": {
    "product": 11,
    "cart": 37,
    "quantity": 1,
    "added_at": "2025-06-03T07:09:37.644Z",
    "price_at_purchase": "879.99"
  }
},
{
  "model": "carts.orderedproduct",
  "pk": 77,
  "fields": {
    "product": 15,
    "cart": 38,
    "quantity": 1,
    "added_at": "2025-06-03T20:42:34.823Z",
    "price_at_purchase": "200.00"
  }
},
{
  "model": "carts.orderedproduct",
  "pk": 78,
  "fields": {
    "product": 12,
    "cart": 38,
    "quantity": 1,
    "added_at": "2025-06-03T20:53:31.528Z",
    "price_at_purchase": "899.99"
  }
},
{
  "model": "carts.orderedproduct",
  "pk": 79,
  "fields": {
    "product": 11,
    "cart": 38,
    "quantity": 1,
    "added_at": "2025-06-03T20:53:33.824Z",
    "price_at_purchase": "879.99"
  }
},
{
  "model": "carts.orderedproduct",
  "pk": 80,
  "fields": {
    "product": 11,
    "cart": 39,
    "quantity": 1,
    "added_at": "2025-06-03T21:34:33.337Z",
    "price_at_purchase": "879.99"
  }
},
{
  "model": "carts.orderedproduct",
  "pk": 81,
  "fields": {
    "product": 16,
    "cart": 39,
    "quantity": 0,
    "added_at": "2025-06-03T21:34:35.734Z",
    "price_at_purchase": "329.99"
  }
},
{
  "model": "carts.orderedproduct",
  "pk": 82,
  "fields": {
    "product": 12,
    "cart": 39,
    "quantity": 1,
    "added_at": "2025-06-03T21:34:37.819Z",
    "price_at_purchase": "899.99"
  }
},
{
  "model": "carts.orderedproduct",
  "pk": 83,
  "fields": {
    "product": 13,
    "cart": 39,
    "quantity": 1,
    "added_at": "2025-06-03T21:34:40.415Z",
    "price_at_purchase": "1299.99"
  }
},
{
  "model": "carts.orderedproduct",
  "pk": 84,
  "fields": {
    "product": 12,
    "cart": 40,
    "quantity": 1,
    "added_at": "2025-06-03T21:37:00.341Z",
    "price_at_purchase": "899.99"
  }
},
{
  "model": "carts.orderedproduct",
  "pk": 85,
  "fields": {
    "product": 15,
    "cart": 41,
    "quantity": 1,
    "added_at": "2025-06-03T21:56:41.495Z",
    "price_at_purchase": "200.00"
  }
},
{
  "model": "carts.orderedproduct",
  "pk": 86,
  "fields": {
    "product": 11,
    "cart": 43,
    "quantity": 1,
    "added_at": "2025-06-03T22:01:51.993Z",
    "price_at_purchase": "879.99"
  }
},
{
  "model": "carts.orderedproduct",
  "pk": 87,
  "fields": {
    "product": 18,
    "cart": 43,
    "quantity": 1,
    "added_at": "2025-06-03T22:01:54.160Z",
    "price_at_purchase": "1499.99"
  }
},
{
  "model": "carts.orderedproduct",
  "pk": 88,
  "fields": {
    "product": 15,
    "cart": 44,
    "quantity": 1,
    "added_at": "2025-06-03T22:04:18.551Z",
    "price_at_purchase": "200.00"
  }
},
{
  "model": "carts.orderedproduct",
  "pk": 89,
  "fields": {
    "product": 15,
    "cart": 45,
    "quantity": 1,
    "added_at": "2025-06-03T22:06:56.833Z",
    "price_at_purchase": "200.00"
  }
},
{
  "model": "carts.orderedproduct",
  "pk": 90,
  "fields": {
    "product": 11,
    "cart": 46,
    "quantity": 1,
    "added_at": "2025-06-03T22:13:49.099Z",
    "price_at_purchase": "879.99"
  }
},
{
  "model": "carts.orderedproduct",
  "pk": 91,
  "fields": {
    "product": 11,
    "cart": 47,
    "quantity": 1,
    "added_at": "2025-06-03T22:43:19.752Z",
    "price_at_purchase": "879.99"
  }
},
{
  "model": "carts.orderedproduct",
  "pk": 92,
  "fields": {
    "product": 15,
    "cart": 47,
    "quantity": 1,
    "added_at": "2025-06-03T22:43:22.072Z",
    "price_at_purchase": "200.00"
  }
},
{
  "model": "carts.orderedproduct",
  "pk": 93,
  "fields": {
    "product": 13,
    "cart": 47,
    "quantity": 1,
    "added_at": "2025-06-03T22:43:24.672Z",
    "price_at_purchase": "1299.99"
  }
},
{
  "model": "carts.orderedproduct",
  "pk": 94,
  "fields": {
    "product": 13,
    "cart": 48,
    "quantity": 1,
    "added_at": "2025-06-03T22:44:58.427Z",
    "price_at_purchase": "1299.99"
  }
},
{
  "model": "carts.orderedproduct",
  "pk": 95,
  "fields": {
    "product": 12,
    "cart": 48,
    "quantity": 1,
    "added_at": "2025-06-03T22:45:58.633Z",
    "price_at_purchase": "899.99"
  }
},
{
  "model": "carts.orderedproduct",
  "pk": 96,
  "fields": {
    "product": 14,
    "cart": 48,
    "quantity": 1,
    "added_at": "2025-06-03T22:46:04.354Z",
    "price_at_purchase": "1599.99"
  }
},
{
  "model": "carts.orderedproduct",
  "pk": 97,
  "fields": {
    "product": 12,
    "cart": 49,
    "quantity": 0,
    "added_at": "2025-06-03T22:46:34.878Z",
    "price_at_purchase": null
  }
},
{
  "model": "carts.orderedproduct",
  "pk": 98,
  "fields": {
    "product": 13,
    "cart": 49,
    "quantity": 0,
    "added_at": "2025-06-03T22:46:41.977Z",
    "price_at_purchase": null
  }
},
{
  "model": "carts.orderedproduct",
  "pk": 99,
  "fields": {
    "product": 11,
    "cart": 49,
    "quantity": 1,
    "added_at": "2025-06-03T22:47:18.043Z",
    "price_at_purchase": null
  }
},
{
  "model": "carts.orderedproduct",
  "pk": 100,
  "fields": {
    "product": 14,
    "cart": 49,
    "quantity": 1,
    "added_at": "2025-06-03T22:47:30.030Z",
    "price_at_purchase": null
  }
},
{
  "model": "taggit.tag",
  "fields": {
    "name": "iphone",
    "slug": "iphone"
  }
},
{
  "model": "coupons.coupon",
  "pk": 1,
  "fields": {
    "code": "SUMMER",
    "valid_from": "2025-06-02T00:00:00Z",
    "valid_to": "2025-08-29T00:00:00Z",
    "discount": 15,
    "active": false,
    "usage_limit": 1,
    "used_count": 1,
    "one_time_per_user": false
  }
},
{
  "model": "coupons.coupon",
  "pk": 3,
  "fields": {
    "code": "NEW",
    "valid_from": "2025-06-01T00:00:00Z",
    "valid_to": "2025-08-29T00:00:00Z",
    "discount": 20,
    "active": false,
    "usage_limit": 2,
    "used_count": 2,
    "one_time_per_user": false
  }
},
{
  "model": "courses.subject",
  "pk": 1,
  "fields": {
    "title": "Tech & Maintenance",
    "slug": "tech-maintenance"
  }
},
{
  "model": "courses.subject",
  "pk": 2,
  "fields": {
    "title": "Mobile & Smart Devices",
    "slug": "mobile-smart-devices"
  }
},
{
  "model": "courses.subject",
  "pk": 3,
  "fields": {
    "title": "Smart Home",
    "slug": "smart-home"
  }
},
{
  "model": "courses.subject",
  "pk": 4,
  "fields": {
    "title": "Computers & Laptops",
    "slug": "computers-laptops"
  }
},
{
  "model": "courses.subject",
  "pk": 5,
  "fields": {
    "title": "Audio & Entertainment",
    "slug": "audio-entertainment"
  }
},
{
  "model": "courses.subject",
  "pk": 6,
  "fields": {
    "title": "Internet Safety",
    "slug": "internet-safety"
  }
},
{
  "model": "auth.permission",
  "fields": {
    "name": "Can add log entry",
    "content_type": [
      "admin",
      "logentry"
    ],
    "codename": "add_logentry"
  }
},
{
  "model": "auth.permission",
  "fields": {
    "name": "Can change log entry",
    "content_type": [
      "admin",
      "logentry"
    ],
    "codename": "change_logentry"
  }
},
{
  "model": "auth.permission",
  "fields": {
    "name": "Can delete log entry",
    "content_type": [
      "admin",
      "logentry"
    ],
    "codename": "delete_logentry"
  }
},
{
  "model": "auth.permission",
  "fields": {
    "name": "Can view log entry",
    "content_type": [
      "admin",
      "logentry"
    ],
    "codename": "view_logentry"
  }
},
{
  "model": "auth.permission",
  "fields": {
    "name": "Can add permission",
    "content_type": [
      "auth",
      "permission"
    ],
    "codename": "add_permission"
  }
},
{
  "model": "auth.permission",
  "fields": {
    "name": "Can change permission",
    "content_type": [
      "auth",
      "permission"
    ],
    "codename": "change_permission"
  }
},
{
  "model": "auth.permission",
  "fields": {
    "name": "Can delete permission",
    "content_type": [
      "auth",
      "permission"
    ],
    "codename": "delete_permission"
  }
},
{
  "model": "auth.permission",
  "fields": {
    "name": "Can view permission",
    "content_type": [
      "auth",
      "permission"
    ],
    "codename": "view_permission"
  }
},
{
  "model": "auth.permission",
  "fields": {
    "name": "Can add group",
    "content_type": [
      "auth",
      "group"
    ],
    "codename": "add_group"
  }
},
{
  "model": "auth.permission",
  "fields": {
    "name": "Can change group",
    "content_type": [
      "auth",
      "group"
    ],
    "codename": "change_group"
  }
},
{
  "model": "auth.permission",
  "fields": {
    "name": "Can delete group",
    "content_type": [
      "auth",
      "group"
    ],
    "codename": "delete_group"
  }
},
{
  "model": "auth.permission",
  "fields": {
    "name": "Can view group",
    "content_type": [
      "auth",
      "group"
    ],
    "codename": "view_group"
  }
},
{
  "model": "auth.permission",
  "fields": {
    "name": "Can add user",
    "content_type": [
      "auth",
      "user"
    ],
    "codename": "add_user"
  }
},
{
  "model": "auth.permission",
  "fields": {
    "name": "Can change user",
    "content_type": [
      "auth",
      "user"
    ],
    "codename": "change_user"
  }
},
{
  "model": "auth.permission",
  "fields": {
    "name": "Can delete user",
    "content_type": [
      "auth",
      "user"
    ],
    "codename": "delete_user"
  }
},
{
  "model": "auth.permission",
  "fields": {
    "name": "Can view user",
    "content_type": [
      "auth",
      "user"
    ],
    "codename": "view_user"
  }
},
{
  "model": "auth.permission",
  "fields": {
    "name": "Can add content type",
    "content_type": [
      "contenttypes",
      "contenttype"
    ],
    "codename": "add_contenttype"
  }
},
{
  "model": "auth.permission",
  "fields": {
    "name": "Can change content type",
    "content_type": [
      "contenttypes",
      "contenttype"
    ],
    "codename": "change_contenttype"
  }
},
{
  "model": "auth.permission",
  "fields": {
    "name": "Can delete content type",
    "content_type": [
      "contenttypes",
      "contenttype"
    ],
    "codename": "delete_contenttype"
  }
},
{
  "model": "auth.permission",
  "fields": {
    "name": "Can view content type",
    "content_type": [
      "contenttypes",
      "contenttype"
    ],
    "codename": "view_contenttype"
  }
},
{
  "model": "auth.permission",
  "fields": {
    "name": "Can add session",
    "content_type": [
      "sessions",
      "session"
    ],
    "codename": "add_session"
  }
},
{
  "model": "auth.permission",
  "fields": {
    "name": "Can change session",
    "content_type": [
      "sessions",
      "session"
    ],
    "codename": "change_session"
  }
},
{
  "model": "auth.permission",
  "fields": {
    "name": "Can delete session",
    "content_type": [
      "sessions",
      "session"
    ],
    "codename": "delete_session"
  }
},
{
  "model": "auth.permission",
  "fields": {
    "name": "Can view session",
    "content_type": [
      "sessions",
      "session"
    ],
    "codename": "view_session"
  }
},
{
  "model": "auth.permission",
  "fields": {
    "name": "Can add brand",
    "content_type": [
      "products",
      "brand"
    ],
    "codename": "add_brand"
  }
},
{
  "model": "auth.permission",
  "fields": {
    "name": "Can change brand",
    "content_type": [
      "products",
      "brand"
    ],
    "codename": "change_brand"
  }
},
{
  "model": "auth.permission",
  "fields": {
    "name": "Can delete brand",
    "content_type": [
      "products",
      "brand"
    ],
    "codename": "delete_brand"
  }
},
{
  "model": "auth.permission",
  "fields": {
    "name": "Can view brand",
    "content_type": [
      "products",
      "brand"
    ],
    "codename": "view_brand"
  }
},
{
  "model": "auth.permission",
  "fields": {
    "name": "Can add tag",
    "content_type": [
      "products",
      "tag"
    ],
    "codename": "add_tag"
  }
},
{
  "model": "auth.permission",
  "fields": {
    "name": "Can change tag",
    "content_type": [
      "products",
      "tag"
    ],
    "codename": "change_tag"
  }
},
{
  "model": "auth.permission",
  "fields": {
    "name": "Can delete tag",
    "content_type": [
      "products",
      "tag"
    ],
    "codename": "delete_tag"
  }
},
{
  "model": "auth.permission",
  "fields": {
    "name": "Can view tag",
    "content_type": [
      "products",
      "tag"
    ],
    "codename": "view_tag"
  }
},
{
  "model": "auth.permission",
  "fields": {
    "name": "Can add category",
    "content_type": [
      "products",
      "category"
    ],
    "codename": "add_category"
  }
},
{
  "model": "auth.permission",
  "fields": {
    "name": "Can change category",
    "content_type": [
      "products",
      "category"
    ],
    "codename": "change_category"
  }
},
{
  "model": "auth.permission",
  "fields": {
    "name": "Can delete category",
    "content_type": [
      "products",
      "category"
    ],
    "codename": "delete_category"
  }
},
{
  "model": "auth.permission",
  "fields": {
    "name": "Can view category",
    "content_type": [
      "products",
      "category"
    ],
    "codename": "view_category"
  }
},
{
  "model": "auth.permission",
  "fields": {
    "name": "Can add characteristic",
    "content_type": [
      "products",
      "characteristic"
    ],
    "codename": "add_characteristic"
  }
},
{
  "model": "auth.permission",
  "fields": {
    "name": "Can change characteristic",
    "content_type": [
      "products",
      "characteristic"
    ],
    "codename": "change_characteristic"
  }
},
{
  "model": "auth.permission",
  "fields": {
    "name": "Can delete characteristic",
    "content_type": [
      "products",
      "characteristic"
    ],
    "codename": "delete_characteristic"
  }
},
{
  "model": "auth.permission",
  "fields": {
    "name": "Can view characteristic",
    "content_type": [
      "products",
      "characteristic"
    ],
    "codename": "view_characteristic"
  }
},
{
  "model": "auth.permission",
  "fields": {
    "name": "Can add product",
    "content_type": [
      "products",
      "product"
    ],
    "codename": "add_product"
  }
},
{
  "model": "auth.permission",
  "fields": {
    "name": "Can change product",
    "content_type": [
      "products",
      "product"
    ],
    "codename": "change_product"
  }
},
{
  "model": "auth.permission",
  "fields": {
    "name": "Can delete product",
    "content_type": [
      "products",
      "product"
    ],
    "codename": "delete_product"
  }
},
{
  "model": "auth.permission",
  "fields": {
    "name": "Can view product",
    "content_type": [
      "products",
      "product"
    ],
    "codename": "view_product"
  }
},
{
  "model": "auth.permission",
  "fields": {
    "name": "Can add product characteristic",
    "content_type": [
      "products",
      "productcharacteristic"
    ],
    "codename": "add_productcharacteristic"
  }
},
{
  "model": "auth.permission",
  "fields": {
    "name": "Can change product characteristic",
    "content_type": [
      "products",
      "productcharacteristic"
    ],
    "codename": "change_productcharacteristic"
  }
},
{
  "model": "auth.permission",
  "fields": {
    "name": "Can delete product characteristic",
    "content_type": [
      "products",
      "productcharacteristic"
    ],
    "codename": "delete_productcharacteristic"
  }
},
{
  "model": "auth.permission",
  "fields": {
    "name": "Can view product characteristic",
    "content_type": [
      "products",
      "productcharacteristic"
    ],
    "codename": "view_productcharacteristic"
  }
},
{
  "model": "auth.permission",
  "fields": {
    "name": "Can add image",
    "content_type": [
      "products",
      "productimage"
    ],
    "codename": "add_image"
  }
},
{
  "model": "auth.permission",
  "fields": {
    "name": "Can change image",
    "content_type": [
      "products",
      "productimage"
    ],
    "codename": "change_image"
  }
},
{
  "model": "auth.permission",
  "fields": {
    "name": "Can delete image",
    "content_type": [
      "products",
      "productimage"
    ],
    "codename": "delete_image"
  }
},
{
  "model": "auth.permission",
  "fields": {
    "name": "Can view image",
    "content_type": [
      "products",
      "productimage"
    ],
    "codename": "view_image"
  }
},
{
  "model": "auth.permission",
  "fields": {
    "name": "Can add address",
    "content_type": [
      "users",
      "address"
    ],
    "codename": "add_address"
  }
},
{
  "model": "auth.permission",
  "fields": {
    "name": "Can change address",
    "content_type": [
      "users",
      "address"
    ],
    "codename": "change_address"
  }
},
{
  "model": "auth.permission",
  "fields": {
    "name": "Can delete address",
    "content_type": [
      "users",
      "address"
    ],
    "codename": "delete_address"
  }
},
{
  "model": "auth.permission",
  "fields": {
    "name": "Can view address",
    "content_type": [
      "users",
      "address"
    ],
    "codename": "view_address"
  }
},
{
  "model": "auth.permission",
  "fields": {
    "name": "Can add user",
    "content_type": [
      "users",
      "user"
    ],
    "codename": "add_user"
  }
},
{
  "model": "auth.permission",
  "fields": {
    "name": "Can change user",
    "content_type": [
      "users",
      "user"
    ],
    "codename": "change_user"
  }
},
{
  "model": "auth.permission",
  "fields": {
    "name": "Can delete user",
    "content_type": [
      "users",
      "user"
    ],
    "codename": "delete_user"
  }
},
{
  "model": "auth.permission",
  "fields": {
    "name": "Can view user",
    "content_type": [
      "users",
      "user"
    ],
    "codename": "view_user"
  }
},
{
  "model": "auth.permission",
  "fields": {
    "name": "Can add review",
    "content_type": [
      "products",
      "review"
    ],
    "codename": "add_review"
  }
},
{
  "model": "auth.permission",
  "fields": {
    "name": "Can change review",
    "content_type": [
      "products",
      "review"
    ],
    "codename": "change_review"
  }
},
{
  "model": "auth.permission",
  "fields": {
    "name": "Can delete review",
    "content_type": [
      "products",
      "review"
    ],
    "codename": "delete_review"
  }
},
{
  "model": "auth.permission",
  "fields": {
    "name": "Can view review",
    "content_type": [
      "products",
      "review"
    ],
    "codename": "view_review"
  }
},
{
  "model": "auth.permission",
  "fields": {
    "name": "Can add product image",
    "content_type": [
      "products",
      "productimage"
    ],
    "codename": "add_productimage"
  }
},
{
  "model": "auth.permission",
  "fields": {
    "name": "Can change product image",
    "content_type": [
      "products",
      "productimage"
    ],
    "codename": "change_productimage"
  }
},
{
  "model": "auth.permission",
  "fields": {
    "name": "Can delete product image",
    "content_type": [
      "products",
      "productimage"
    ],
    "codename": "delete_productimage"
  }
},
{
  "model": "auth.permission",
  "fields": {
    "name": "Can view product image",
    "content_type": [
      "products",
      "productimage"
    ],
    "codename": "view_productimage"
  }
},
{
  "model": "auth.permission",
  "fields": {
    "name": "Can add review image",
    "content_type": [
      "products",
      "reviewimage"
    ],
    "codename": "add_reviewimage"
  }
},
{
  "model": "auth.permission",
  "fields": {
    "name": "Can change review image",
    "content_type": [
      "products",
      "reviewimage"
    ],
    "codename": "change_reviewimage"
  }
},
{
  "model": "auth.permission",
  "fields": {
    "name": "Can delete review image",
    "content_type": [
      "products",
      "reviewimage"
    ],
    "codename": "delete_reviewimage"
  }
},
{
  "model": "auth.permission",
  "fields": {
    "name": "Can view review image",
    "content_type": [
      "products",
      "reviewimage"
    ],
    "codename": "view_reviewimage"
  }
},
{
  "model": "auth.permission",
  "fields": {
    "name": "Can add favourite product",
    "content_type": [
      "products",
      "favouriteproduct"
    ],
    "codename": "add_favouriteproduct"
  }
},
{
  "model": "auth.permission",
  "fields": {
    "name": "Can change favourite product",
    "content_type": [
      "products",
      "favouriteproduct"
    ],
    "codename": "change_favouriteproduct"
  }
},
{
  "model": "auth.permission",
  "fields": {
    "name": "Can delete favourite product",
    "content_type": [
      "products",
      "favouriteproduct"
    ],
    "codename": "delete_favouriteproduct"
  }
},
{
  "model": "auth.permission",
  "fields": {
    "name": "Can view favourite product",
    "content_type": [
      "products",
      "favouriteproduct"
    ],
    "codename": "view_favouriteproduct"
  }
},
{
  "model": "auth.permission",
  "fields": {
    "name": "Can add ordered product",
    "content_type": [
      "carts",
      "orderedproduct"
    ],
    "codename": "add_orderedproduct"
  }
},
{
  "model": "auth.permission",
  "fields": {
    "name": "Can change ordered product",
    "content_type": [
      "carts",
      "orderedproduct"
    ],
    "codename": "change_orderedproduct"
  }
},
{
  "model": "auth.permission",
  "fields": {
    "name": "Can delete ordered product",
    "content_type": [
      "carts",
      "orderedproduct"
    ],
    "codename": "delete_orderedproduct"
  }
},
{
  "model": "auth.permission",
  "fields": {
    "name": "Can view ordered product",
    "content_type": [
      "carts",
      "orderedproduct"
    ],
    "codename": "view_orderedproduct"
  }
},
{
  "model": "auth.permission",
  "fields": {
    "name": "Can add receiver",
    "content_type": [
      "carts",
      "receiver"
    ],
    "codename": "add_receiver"
  }
},
{
  "model": "auth.permission",
  "fields": {
    "name": "Can change receiver",
    "content_type": [
      "carts",
      "receiver"
    ],
    "codename": "change_receiver"
  }
},
{
  "model": "auth.permission",
  "fields": {
    "name": "Can delete receiver",
    "content_type": [
      "carts",
      "receiver"
    ],
    "codename": "delete_receiver"
  }
},
{
  "model": "auth.permission",
  "fields": {
    "name": "Can view receiver",
    "content_type": [
      "carts",
      "receiver"
    ],
    "codename": "view_receiver"
  }
},
{
  "model": "auth.permission",
  "fields": {
    "name": "Can add cart",
    "content_type": [
      "carts",
      "cart"
    ],
    "codename": "add_cart"
  }
},
{
  "model": "auth.permission",
  "fields": {
    "name": "Can change cart",
    "content_type": [
      "carts",
      "cart"
    ],
    "codename": "change_cart"
  }
},
{
  "model": "auth.permission",
  "fields": {
    "name": "Can delete cart",
    "content_type": [
      "carts",
      "cart"
    ],
    "codename": "delete_cart"
  }
},
{
  "model": "auth.permission",
  "fields": {
    "name": "Can view cart",
    "content_type": [
      "carts",
      "cart"
    ],
    "codename": "view_cart"
  }
},
{
  "model": "auth.permission",
  "fields": {
    "name": "Can add site",
    "content_type": [
      "sites",
      "site"
    ],
    "codename": "add_site"
  }
},
{
  "model": "auth.permission",
  "fields": {
    "name": "Can change site",
    "content_type": [
      "sites",
      "site"
    ],
    "codename": "change_site"
  }
},
{
  "model": "auth.permission",
  "fields": {
    "name": "Can delete site",
    "content_type": [
      "sites",
      "site"
    ],
    "codename": "delete_site"
  }
},
{
  "model": "auth.permission",
  "fields": {
    "name": "Can view site",
    "content_type": [
      "sites",
      "site"
    ],
    "codename": "view_site"
  }
},
{
  "model": "auth.permission",
  "fields": {
    "name": "Can add email address",
    "content_type": [
      "account",
      "emailaddress"
    ],
    "codename": "add_emailaddress"
  }
},
{
  "model": "auth.permission",
  "fields": {
    "name": "Can change email address",
    "content_type": [
      "account",
      "emailaddress"
    ],
    "codename": "change_emailaddress"
  }
},
{
  "model": "auth.permission",
  "fields": {
    "name": "Can delete email address",
    "content_type": [
      "account",
      "emailaddress"
    ],
    "codename": "delete_emailaddress"
  }
},
{
  "model": "auth.permission",
  "fields": {
    "name": "Can view email address",
    "content_type": [
      "account",
      "emailaddress"
    ],
    "codename": "view_emailaddress"
  }
},
{
  "model": "auth.permission",
  "fields": {
    "name": "Can add email confirmation",
    "content_type": [
      "account",
      "emailconfirmation"
    ],
    "codename": "add_emailconfirmation"
  }
},
{
  "model": "auth.permission",
  "fields": {
    "name": "Can change email confirmation",
    "content_type": [
      "account",
      "emailconfirmation"
    ],
    "codename": "change_emailconfirmation"
  }
},
{
  "model": "auth.permission",
  "fields": {
    "name": "Can delete email confirmation",
    "content_type": [
      "account",
      "emailconfirmation"
    ],
    "codename": "delete_emailconfirmation"
  }
},
{
  "model": "auth.permission",
  "fields": {
    "name": "Can view email confirmation",
    "content_type": [
      "account",
      "emailconfirmation"
    ],
    "codename": "view_emailconfirmation"
  }
},
{
  "model": "auth.permission",
  "fields": {
    "name": "Can add social account",
    "content_type": [
      "socialaccount",
      "socialaccount"
    ],
    "codename": "add_socialaccount"
  }
},
{
  "model": "auth.permission",
  "fields": {
    "name": "Can change social account",
    "content_type": [
      "socialaccount",
      "socialaccount"
    ],
    "codename": "change_socialaccount"
  }
},
{
  "model": "auth.permission",
  "fields": {
    "name": "Can delete social account",
    "content_type": [
      "socialaccount",
      "socialaccount"
    ],
    "codename": "delete_socialaccount"
  }
},
{
  "model": "auth.permission",
  "fields": {
    "name": "Can view social account",
    "content_type": [
      "socialaccount",
      "socialaccount"
    ],
    "codename": "view_socialaccount"
  }
},
{
  "model": "auth.permission",
  "fields": {
    "name": "Can add social application",
    "content_type": [
      "socialaccount",
      "socialapp"
    ],
    "codename": "add_socialapp"
  }
},
{
  "model": "auth.permission",
  "fields": {
    "name": "Can change social application",
    "content_type": [
      "socialaccount",
      "socialapp"
    ],
    "codename": "change_socialapp"
  }
},
{
  "model": "auth.permission",
  "fields": {
    "name": "Can delete social application",
    "content_type": [
      "socialaccount",
      "socialapp"
    ],
    "codename": "delete_socialapp"
  }
},
{
  "model": "auth.permission",
  "fields": {
    "name": "Can view social application",
    "content_type": [
      "socialaccount",
      "socialapp"
    ],
    "codename": "view_socialapp"
  }
},
{
  "model": "auth.permission",
  "fields": {
    "name": "Can add social application token",
    "content_type": [
      "socialaccount",
      "socialtoken"
    ],
    "codename": "add_socialtoken"
  }
},
{
  "model": "auth.permission",
  "fields": {
    "name": "Can change social application token",
    "content_type": [
      "socialaccount",
      "socialtoken"
    ],
    "codename": "change_socialtoken"
  }
},
{
  "model": "auth.permission",
  "fields": {
    "name": "Can delete social application token",
    "content_type": [
      "socialaccount",
      "socialtoken"
    ],
    "codename": "delete_socialtoken"
  }
},
{
  "model": "auth.permission",
  "fields": {
    "name": "Can view social application token",
    "content_type": [
      "socialaccount",
      "socialtoken"
    ],
    "codename": "view_socialtoken"
  }
},
{
  "model": "auth.permission",
  "fields": {
    "name": "Can add tagged item",
    "content_type": [
      "taggit",
      "taggeditem"
    ],
    "codename": "add_taggeditem"
  }
},
{
  "model": "auth.permission",
  "fields": {
    "name": "Can change tagged item",
    "content_type": [
      "taggit",
      "taggeditem"
    ],
    "codename": "change_taggeditem"
  }
},
{
  "model": "auth.permission",
  "fields": {
    "name": "Can delete tagged item",
    "content_type": [
      "taggit",
      "taggeditem"
    ],
    "codename": "delete_taggeditem"
  }
},
{
  "model": "auth.permission",
  "fields": {
    "name": "Can view tagged item",
    "content_type": [
      "taggit",
      "taggeditem"
    ],
    "codename": "view_taggeditem"
  }
},
{
  "model": "auth.permission",
  "fields": {
    "name": "Can add tag",
    "content_type": [
      "taggit",
      "tag"
    ],
    "codename": "add_tag"
  }
},
{
  "model": "auth.permission",
  "fields": {
    "name": "Can change tag",
    "content_type": [
      "taggit",
      "tag"
    ],
    "codename": "change_tag"
  }
},
{
  "model": "auth.permission",
  "fields": {
    "name": "Can delete tag",
    "content_type": [
      "taggit",
      "tag"
    ],
    "codename": "delete_tag"
  }
},
{
  "model": "auth.permission",
  "fields": {
    "name": "Can view tag",
    "content_type": [
      "taggit",
      "tag"
    ],
    "codename": "view_tag"
  }
},
{
  "model": "auth.permission",
  "fields": {
    "name": "Can add custom tag",
    "content_type": [
      "products",
      "customtag"
    ],
    "codename": "add_customtag"
  }
},
{
  "model": "auth.permission",
  "fields": {
    "name": "Can change custom tag",
    "content_type": [
      "products",
      "customtag"
    ],
    "codename": "change_customtag"
  }
},
{
  "model": "auth.permission",
  "fields": {
    "name": "Can delete custom tag",
    "content_type": [
      "products",
      "customtag"
    ],
    "codename": "delete_customtag"
  }
},
{
  "model": "auth.permission",
  "fields": {
    "name": "Can view custom tag",
    "content_type": [
      "products",
      "customtag"
    ],
    "codename": "view_customtag"
  }
},
{
  "model": "auth.permission",
  "fields": {
    "name": "Can add custom tagged item",
    "content_type": [
      "products",
      "customtaggeditem"
    ],
    "codename": "add_customtaggeditem"
  }
},
{
  "model": "auth.permission",
  "fields": {
    "name": "Can change custom tagged item",
    "content_type": [
      "products",
      "customtaggeditem"
    ],
    "codename": "change_customtaggeditem"
  }
},
{
  "model": "auth.permission",
  "fields": {
    "name": "Can delete custom tagged item",
    "content_type": [
      "products",
      "customtaggeditem"
    ],
    "codename": "delete_customtaggeditem"
  }
},
{
  "model": "auth.permission",
  "fields": {
    "name": "Can view custom tagged item",
    "content_type": [
      "products",
      "customtaggeditem"
    ],
    "codename": "view_customtaggeditem"
  }
},
{
  "model": "auth.permission",
  "fields": {
    "name": "Can add association",
    "content_type": [
      "social_django",
      "association"
    ],
    "codename": "add_association"
  }
},
{
  "model": "auth.permission",
  "fields": {
    "name": "Can change association",
    "content_type": [
      "social_django",
      "association"
    ],
    "codename": "change_association"
  }
},
{
  "model": "auth.permission",
  "fields": {
    "name": "Can delete association",
    "content_type": [
      "social_django",
      "association"
    ],
    "codename": "delete_association"
  }
},
{
  "model": "auth.permission",
  "fields": {
    "name": "Can view association",
    "content_type": [
      "social_django",
      "association"
    ],
    "codename": "view_association"
  }
},
{
  "model": "auth.permission",
  "fields": {
    "name": "Can add code",
    "content_type": [
      "social_django",
      "code"
    ],
    "codename": "add_code"
  }
},
{
  "model": "auth.permission",
  "fields": {
    "name": "Can change code",
    "content_type": [
      "social_django",
      "code"
    ],
    "codename": "change_code"
  }
},
{
  "model": "auth.permission",
  "fields": {
    "name": "Can delete code",
    "content_type": [
      "social_django",
      "code"
    ],
    "codename": "delete_code"
  }
},
{
  "model": "auth.permission",
  "fields": {
    "name": "Can view code",
    "content_type": [
      "social_django",
      "code"
    ],
    "codename": "view_code"
  }
},
{
  "model": "auth.permission",
  "fields": {
    "name": "Can add nonce",
    "content_type": [
      "social_django",
      "nonce"
    ],
    "codename": "add_nonce"
  }
},
{
  "model": "auth.permission",
  "fields": {
    "name": "Can change nonce",
    "content_type": [
      "social_django",
      "nonce"
    ],
    "codename": "change_nonce"
  }
},
{
  "model": "auth.permission",
  "fields": {
    "name": "Can delete nonce",
    "content_type": [
      "social_django",
      "nonce"
    ],
    "codename": "delete_nonce"
  }
},
{
  "model": "auth.permission",
  "fields": {
    "name": "Can view nonce",
    "content_type": [
      "social_django",
      "nonce"
    ],
    "codename": "view_nonce"
  }
},
{
  "model": "auth.permission",
  "fields": {
    "name": "Can add user social auth",
    "content_type": [
      "social_django",
      "usersocialauth"
    ],
    "codename": "add_usersocialauth"
  }
},
{
  "model": "auth.permission",
  "fields": {
    "name": "Can change user social auth",
    "content_type": [
      "social_django",
      "usersocialauth"
    ],
    "codename": "change_usersocialauth"
  }
},
{
  "model": "auth.permission",
  "fields": {
    "name": "Can delete user social auth",
    "content_type": [
      "social_django",
      "usersocialauth"
    ],
    "codename": "delete_usersocialauth"
  }
},
{
  "model": "auth.permission",
  "fields": {
    "name": "Can view user social auth",
    "content_type": [
      "social_django",
      "usersocialauth"
    ],
    "codename": "view_usersocialauth"
  }
},
{
  "model": "auth.permission",
  "fields": {
    "name": "Can add partial",
    "content_type": [
      "social_django",
      "partial"
    ],
    "codename": "add_partial"
  }
},
{
  "model": "auth.permission",
  "fields": {
    "name": "Can change partial",
    "content_type": [
      "social_django",
      "partial"
    ],
    "codename": "change_partial"
  }
},
{
  "model": "auth.permission",
  "fields": {
    "name": "Can delete partial",
    "content_type": [
      "social_django",
      "partial"
    ],
    "codename": "delete_partial"
  }
},
{
  "model": "auth.permission",
  "fields": {
    "name": "Can view partial",
    "content_type": [
      "social_django",
      "partial"
    ],
    "codename": "view_partial"
  }
},
{
  "model": "auth.permission",
  "fields": {
    "name": "Can add contact",
    "content_type": [
      "products",
      "subcription"
    ],
    "codename": "add_contact"
  }
},
{
  "model": "auth.permission",
  "fields": {
    "name": "Can change contact",
    "content_type": [
      "products",
      "subcription"
    ],
    "codename": "change_contact"
  }
},
{
  "model": "auth.permission",
  "fields": {
    "name": "Can delete contact",
    "content_type": [
      "products",
      "subcription"
    ],
    "codename": "delete_contact"
  }
},
{
  "model": "auth.permission",
  "fields": {
    "name": "Can view contact",
    "content_type": [
      "products",
      "subcription"
    ],
    "codename": "view_contact"
  }
},
{
  "model": "auth.permission",
  "fields": {
    "name": "Can add subcription",
    "content_type": [
      "products",
      "subcription"
    ],
    "codename": "add_subcription"
  }
},
{
  "model": "auth.permission",
  "fields": {
    "name": "Can change subcription",
    "content_type": [
      "products",
      "subcription"
    ],
    "codename": "change_subcription"
  }
},
{
  "model": "auth.permission",
  "fields": {
    "name": "Can delete subcription",
    "content_type": [
      "products",
      "subcription"
    ],
    "codename": "delete_subcription"
  }
},
{
  "model": "auth.permission",
  "fields": {
    "name": "Can view subcription",
    "content_type": [
      "products",
      "subcription"
    ],
    "codename": "view_subcription"
  }
},
{
  "model": "auth.permission",
  "fields": {
    "name": "Can add action",
    "content_type": [
      "users",
      "action"
    ],
    "codename": "add_action"
  }
},
{
  "model": "auth.permission",
  "fields": {
    "name": "Can change action",
    "content_type": [
      "users",
      "action"
    ],
    "codename": "change_action"
  }
},
{
  "model": "auth.permission",
  "fields": {
    "name": "Can delete action",
    "content_type": [
      "users",
      "action"
    ],
    "codename": "delete_action"
  }
},
{
  "model": "auth.permission",
  "fields": {
    "name": "Can view action",
    "content_type": [
      "users",
      "action"
    ],
    "codename": "view_action"
  }
},
{
  "model": "auth.permission",
  "fields": {
    "name": "Can add crontab",
    "content_type": [
      "django_celery_beat",
      "crontabschedule"
    ],
    "codename": "add_crontabschedule"
  }
},
{
  "model": "auth.permission",
  "fields": {
    "name": "Can change crontab",
    "content_type": [
      "django_celery_beat",
      "crontabschedule"
    ],
    "codename": "change_crontabschedule"
  }
},
{
  "model": "auth.permission",
  "fields": {
    "name": "Can delete crontab",
    "content_type": [
      "django_celery_beat",
      "crontabschedule"
    ],
    "codename": "delete_crontabschedule"
  }
},
{
  "model": "auth.permission",
  "fields": {
    "name": "Can view crontab",
    "content_type": [
      "django_celery_beat",
      "crontabschedule"
    ],
    "codename": "view_crontabschedule"
  }
},
{
  "model": "auth.permission",
  "fields": {
    "name": "Can add interval",
    "content_type": [
      "django_celery_beat",
      "intervalschedule"
    ],
    "codename": "add_intervalschedule"
  }
},
{
  "model": "auth.permission",
  "fields": {
    "name": "Can change interval",
    "content_type": [
      "django_celery_beat",
      "intervalschedule"
    ],
    "codename": "change_intervalschedule"
  }
},
{
  "model": "auth.permission",
  "fields": {
    "name": "Can delete interval",
    "content_type": [
      "django_celery_beat",
      "intervalschedule"
    ],
    "codename": "delete_intervalschedule"
  }
},
{
  "model": "auth.permission",
  "fields": {
    "name": "Can view interval",
    "content_type": [
      "django_celery_beat",
      "intervalschedule"
    ],
    "codename": "view_intervalschedule"
  }
},
{
  "model": "auth.permission",
  "fields": {
    "name": "Can add periodic task",
    "content_type": [
      "django_celery_beat",
      "periodictask"
    ],
    "codename": "add_periodictask"
  }
},
{
  "model": "auth.permission",
  "fields": {
    "name": "Can change periodic task",
    "content_type": [
      "django_celery_beat",
      "periodictask"
    ],
    "codename": "change_periodictask"
  }
},
{
  "model": "auth.permission",
  "fields": {
    "name": "Can delete periodic task",
    "content_type": [
      "django_celery_beat",
      "periodictask"
    ],
    "codename": "delete_periodictask"
  }
},
{
  "model": "auth.permission",
  "fields": {
    "name": "Can view periodic task",
    "content_type": [
      "django_celery_beat",
      "periodictask"
    ],
    "codename": "view_periodictask"
  }
},
{
  "model": "auth.permission",
  "fields": {
    "name": "Can add periodic task track",
    "content_type": [
      "django_celery_beat",
      "periodictasks"
    ],
    "codename": "add_periodictasks"
  }
},
{
  "model": "auth.permission",
  "fields": {
    "name": "Can change periodic task track",
    "content_type": [
      "django_celery_beat",
      "periodictasks"
    ],
    "codename": "change_periodictasks"
  }
},
{
  "model": "auth.permission",
  "fields": {
    "name": "Can delete periodic task track",
    "content_type": [
      "django_celery_beat",
      "periodictasks"
    ],
    "codename": "delete_periodictasks"
  }
},
{
  "model": "auth.permission",
  "fields": {
    "name": "Can view periodic task track",
    "content_type": [
      "django_celery_beat",
      "periodictasks"
    ],
    "codename": "view_periodictasks"
  }
},
{
  "model": "auth.permission",
  "fields": {
    "name": "Can add solar event",
    "content_type": [
      "django_celery_beat",
      "solarschedule"
    ],
    "codename": "add_solarschedule"
  }
},
{
  "model": "auth.permission",
  "fields": {
    "name": "Can change solar event",
    "content_type": [
      "django_celery_beat",
      "solarschedule"
    ],
    "codename": "change_solarschedule"
  }
},
{
  "model": "auth.permission",
  "fields": {
    "name": "Can delete solar event",
    "content_type": [
      "django_celery_beat",
      "solarschedule"
    ],
    "codename": "delete_solarschedule"
  }
},
{
  "model": "auth.permission",
  "fields": {
    "name": "Can view solar event",
    "content_type": [
      "django_celery_beat",
      "solarschedule"
    ],
    "codename": "view_solarschedule"
  }
},
{
  "model": "auth.permission",
  "fields": {
    "name": "Can add clocked",
    "content_type": [
      "django_celery_beat",
      "clockedschedule"
    ],
    "codename": "add_clockedschedule"
  }
},
{
  "model": "auth.permission",
  "fields": {
    "name": "Can change clocked",
    "content_type": [
      "django_celery_beat",
      "clockedschedule"
    ],
    "codename": "change_clockedschedule"
  }
},
{
  "model": "auth.permission",
  "fields": {
    "name": "Can delete clocked",
    "content_type": [
      "django_celery_beat",
      "clockedschedule"
    ],
    "codename": "delete_clockedschedule"
  }
},
{
  "model": "auth.permission",
  "fields": {
    "name": "Can view clocked",
    "content_type": [
      "django_celery_beat",
      "clockedschedule"
    ],
    "codename": "view_clockedschedule"
  }
},
{
  "model": "auth.permission",
  "fields": {
    "name": "Can add notification state",
    "content_type": [
      "users",
      "notificationstate"
    ],
    "codename": "add_notificationstate"
  }
},
{
  "model": "auth.permission",
  "fields": {
    "name": "Can change notification state",
    "content_type": [
      "users",
      "notificationstate"
    ],
    "codename": "change_notificationstate"
  }
},
{
  "model": "auth.permission",
  "fields": {
    "name": "Can delete notification state",
    "content_type": [
      "users",
      "notificationstate"
    ],
    "codename": "delete_notificationstate"
  }
},
{
  "model": "auth.permission",
  "fields": {
    "name": "Can view notification state",
    "content_type": [
      "users",
      "notificationstate"
    ],
    "codename": "view_notificationstate"
  }
},
{
  "model": "auth.permission",
  "fields": {
    "name": "Can add coupon",
    "content_type": [
      "coupons",
      "coupon"
    ],
    "codename": "add_coupon"
  }
},
{
  "model": "auth.permission",
  "fields": {
    "name": "Can change coupon",
    "content_type": [
      "coupons",
      "coupon"
    ],
    "codename": "change_coupon"
  }
},
{
  "model": "auth.permission",
  "fields": {
    "name": "Can delete coupon",
    "content_type": [
      "coupons",
      "coupon"
    ],
    "codename": "delete_coupon"
  }
},
{
  "model": "auth.permission",
  "fields": {
    "name": "Can view coupon",
    "content_type": [
      "coupons",
      "coupon"
    ],
    "codename": "view_coupon"
  }
},
{
  "model": "auth.permission",
  "fields": {
    "name": "Can add coupon usage",
    "content_type": [
      "coupons",
      "couponusage"
    ],
    "codename": "add_couponusage"
  }
},
{
  "model": "auth.permission",
  "fields": {
    "name": "Can change coupon usage",
    "content_type": [
      "coupons",
      "couponusage"
    ],
    "codename": "change_couponusage"
  }
},
{
  "model": "auth.permission",
  "fields": {
    "name": "Can delete coupon usage",
    "content_type": [
      "coupons",
      "couponusage"
    ],
    "codename": "delete_couponusage"
  }
},
{
  "model": "auth.permission",
  "fields": {
    "name": "Can view coupon usage",
    "content_type": [
      "coupons",
      "couponusage"
    ],
    "codename": "view_couponusage"
  }
},
{
  "model": "auth.permission",
  "fields": {
    "name": "Can add course",
    "content_type": [
      "courses",
      "course"
    ],
    "codename": "add_course"
  }
},
{
  "model": "auth.permission",
  "fields": {
    "name": "Can change course",
    "content_type": [
      "courses",
      "course"
    ],
    "codename": "change_course"
  }
},
{
  "model": "auth.permission",
  "fields": {
    "name": "Can delete course",
    "content_type": [
      "courses",
      "course"
    ],
    "codename": "delete_course"
  }
},
{
  "model": "auth.permission",
  "fields": {
    "name": "Can view course",
    "content_type": [
      "courses",
      "course"
    ],
    "codename": "view_course"
  }
},
{
  "model": "auth.permission",
  "fields": {
    "name": "Can add subject",
    "content_type": [
      "courses",
      "subject"
    ],
    "codename": "add_subject"
  }
},
{
  "model": "auth.permission",
  "fields": {
    "name": "Can change subject",
    "content_type": [
      "courses",
      "subject"
    ],
    "codename": "change_subject"
  }
},
{
  "model": "auth.permission",
  "fields": {
    "name": "Can delete subject",
    "content_type": [
      "courses",
      "subject"
    ],
    "codename": "delete_subject"
  }
},
{
  "model": "auth.permission",
  "fields": {
    "name": "Can view subject",
    "content_type": [
      "courses",
      "subject"
    ],
    "codename": "view_subject"
  }
},
{
  "model": "users.user",
  "fields": {
    "password": "pbkdf2_sha256$870000$H7agVxIcfer5PAE9EruQAI$JGnHjUf0e/CNiThG0x2UhXftxwd0Cu3wRPla7UwWEUw=",
    "last_login": "2025-06-03T21:52:25.245Z",
    "username": "yaroslav2020bezv@gmail.com",
    "first_name": "J.K.er",
    "last_name": "Orwell",
    "date_joined": "2025-02-26T16:50:54Z",
    "email": "yaroslav2020bezv@gmail.com",
    "phone": "+353851580889",
    "address": 1,
    "is_active": true,
    "is_superuser": true,
    "is_staff": true,
    "groups": [],
    "user_permissions": []
  }
},
{
  "model": "users.user",
  "fields": {
    "password": "pbkdf2_sha256$870000$X3mMzMn4Y8se9hDKgXO8Wl$JVhVbuByBPTTkZSu5UYGjnUdglE0F0pRPNLp1OFcyQI=",
    "last_login": "2025-02-27T17:16:36Z",
    "username": "baraarik963@gmail.com",
    "first_name": "yaroslav",
    "last_name": "bezvesilnyi",
    "date_joined": "2025-02-27T17:16:36Z",
    "email": "baraarik963@gmail.com",
    "phone": null,
    "address": 1,
    "is_active": true,
    "is_superuser": false,
    "is_staff": false,
    "groups": [],
    "user_permissions": []
  }
},
{
  "model": "users.user",
  "fields": {
    "password": "pbkdf2_sha256$870000$7v521UrtuU312F8m3D9V2y$VmLmp9k4EyYy7s1LhwogWOVgf5YMiJK5w/Q6hksLnX8=",
    "last_login": "2025-05-09T08:40:51.158Z",
    "username": "20113257@mail.wit.ie",
    "first_name": "yaroslav",
    "last_name": "bezvesilnyi",
    "date_joined": "2025-02-27T17:29:03.658Z",
    "email": "20113257@mail.wit.ie",
    "phone": null,
    "address": 1,
    "is_active": true,
    "is_superuser": false,
    "is_staff": false,
    "groups": [],
    "user_permissions": []
  }
},
{
  "model": "users.user",
  "fields": {
    "password": "pbkdf2_sha256$870000$D870PwmzLMjlpN7ErWC19D$VXrG+kTovHOSWZLr27S/TWg0bI/wlDEC6erEWMHBx5o=",
    "last_login": "2025-03-25T12:22:55.725Z",
    "username": "yaroslavbezvesilnyi@gmail.com",
    "first_name": "Yaroslav",
    "last_name": "Bezvesilnyi",
    "date_joined": "2025-02-28T15:05:04.383Z",
    "email": "yaroslavbezvesilnyi@gmail.com",
    "phone": null,
    "address": 6,
    "is_active": true,
    "is_superuser": true,
    "is_staff": false,
    "groups": [],
    "user_permissions": []
  }
},
{
  "model": "users.user",
  "fields": {
    "password": "pbkdf2_sha256$870000$EtNSAMIjffdhDHbNyCbExn$ZljxDtUwUWDn7TZfrp/m0wKTu7w4F59Lkz5s5JicFso=",
    "last_login": "2025-03-11T07:40:43.052Z",
    "username": "fdfdsfd@gmail.com",
    "first_name": "yaroslav",
    "last_name": "bezvesilnyi",
    "date_joined": "2025-03-11T07:40:42.849Z",
    "email": "fdfdsfd@gmail.com",
    "phone": "+353851580889",
    "address": null,
    "is_active": true,
    "is_superuser": false,
    "is_staff": false,
    "groups": [],
    "user_permissions": []
  }
},
{
  "model": "users.action",
  "pk": 4,
  "fields": {
    "user": [
      "yaroslav2020bezv@gmail.com"
    ],
    "verb": "liked",
    "created": "2025-05-08T17:41:44.809Z",
    "target_ct": [
      "products",
      "product"
    ],
    "target_id": 18
  }
},
{
  "model": "users.action",
  "pk": 6,
  "fields": {
    "user": [
      "20113257@mail.wit.ie"
    ],
    "verb": "purchased",
    "created": "2025-05-09T08:42:45.508Z",
    "target_ct": [
      "products",
      "product"
    ],
    "target_id": 24
  }
},
{
  "model": "users.action",
  "pk": 8,
  "fields": {
    "user": [
      "20113257@mail.wit.ie"
    ],
    "verb": "liked",
    "created": "2025-05-09T11:47:56.704Z",
    "target_ct": [
      "products",
      "product"
    ],
    "target_id": 26
  }
},
{
  "model": "users.action",
  "pk": 9,
  "fields": {
    "user": [
      "20113257@mail.wit.ie"
    ],
    "verb": "liked",
    "created": "2025-05-09T11:48:22.502Z",
    "target_ct": [
      "products",
      "product"
    ],
    "target_id": 24
  }
},
{
  "model": "users.action",
  "pk": 10,
  "fields": {
    "user": [
      "yaroslav2020bezv@gmail.com"
    ],
    "verb": "purchased",
    "created": "2025-05-09T12:16:00.649Z",
    "target_ct": [
      "products",
      "product"
    ],
    "target_id": 12
  }
},
{
  "model": "users.action",
  "pk": 11,
  "fields": {
    "user": [
      "20113257@mail.wit.ie"
    ],
    "verb": "purchased",
    "created": "2025-05-09T13:46:13.107Z",
    "target_ct": [
      "products",
      "product"
    ],
    "target_id": 11
  }
},
{
  "model": "users.action",
  "pk": 12,
  "fields": {
    "user": [
      "yaroslav2020bezv@gmail.com"
    ],
    "verb": "liked",
    "created": "2025-05-09T13:48:26.751Z",
    "target_ct": [
      "products",
      "product"
    ],
    "target_id": 15
  }
},
{
  "model": "users.action",
  "pk": 13,
  "fields": {
    "user": [
      "yaroslav2020bezv@gmail.com"
    ],
    "verb": "purchased",
    "created": "2025-05-09T13:48:41.582Z",
    "target_ct": [
      "products",
      "product"
    ],
    "target_id": 15
  }
},
{
  "model": "users.action",
  "pk": 14,
  "fields": {
    "user": [
      "yaroslav2020bezv@gmail.com"
    ],
    "verb": "purchased",
    "created": "2025-05-09T14:00:39.875Z",
    "target_ct": [
      "products",
      "product"
    ],
    "target_id": 16
  }
},
{
  "model": "users.action",
  "pk": 15,
  "fields": {
    "user": [
      "yaroslav2020bezv@gmail.com"
    ],
    "verb": "purchased",
    "created": "2025-06-03T20:42:04.876Z",
    "target_ct": [
      "products",
      "product"
    ],
    "target_id": 11
  }
},
{
  "model": "users.action",
  "pk": 16,
  "fields": {
    "user": [
      "yaroslav2020bezv@gmail.com"
    ],
    "verb": "purchased",
    "created": "2025-06-03T22:46:28.274Z",
    "target_ct": [
      "products",
      "product"
    ],
    "target_id": 13
  }
},
{
  "model": "users.notificationstate",
  "pk": 1,
  "fields": {
    "user": [
      "yaroslav2020bezv@gmail.com"
    ],
    "last_seen_news": "2025-06-03T04:32:38.461Z",
    "last_seen_actions": "2025-06-04T00:23:26.146Z"
  }
},
{
  "model": "users.notificationstate",
  "pk": 2,
  "fields": {
    "user": [
      "20113257@mail.wit.ie"
    ],
    "last_seen_news": null,
    "last_seen_actions": null
  }
},
{
  "model": "carts.receiver",
  "pk": 4,
  "fields": {
    "first_name": "Yaroslav",
    "last_name": "Bezvesil",
    "phone": "+353851580889",
    "email": "yaroslav2020bezv@gmail.com",
    "user": [
      "yaroslav2020bezv@gmail.com"
    ],
    "address": 10
  }
},
{
  "model": "carts.receiver",
  "pk": 5,
  "fields": {
    "first_name": "yaroslav",
    "last_name": "bezvesilnyi",
    "phone": null,
    "email": "fdfdsfd@gmail.com",
    "user": null,
    "address": null
  }
},
{
  "model": "carts.receiver",
  "pk": 6,
  "fields": {
    "first_name": "Yaroslav",
    "last_name": "Bezvesilnyi",
    "phone": null,
    "email": "yaroslavbezvesilnyi@gmail.com",
    "user": [
      "yaroslavbezvesilnyi@gmail.com"
    ],
    "address": 6
  }
},
{
  "model": "carts.receiver",
  "pk": 7,
  "fields": {
    "first_name": "yaroslav",
    "last_name": "bezvesilnyi",
    "phone": null,
    "email": "20113257@mail.wit.ie",
    "user": [
      "20113257@mail.wit.ie"
    ],
    "address": 1
  }
},
{
  "model": "coupons.couponusage",
  "pk": 1,
  "fields": {
    "user": [
      "yaroslav2020bezv@gmail.com"
    ],
    "coupon": 3,
    "used_at": "2025-06-03T22:07:16.735Z"
  }
},
{
  "model": "coupons.couponusage",
  "pk": 2,
  "fields": {
    "user": [
      "yaroslav2020bezv@gmail.com"
    ],
    "coupon": 1,
    "used_at": "2025-06-03T22:44:04.005Z"
  }
},
{
  "model": "products.subcription",
  "pk": 2,
  "fields": {
    "user": [
      "yaroslav2020bezv@gmail.com"
    ],
    "brand": 7,
    "created": "2025-05-08T16:44:23.564Z"
  }
},
{
  "model": "products.subcription",
  "pk": 26,
  "fields": {
    "user": [
      "yaroslav2020bezv@gmail.com"
    ],
    "brand": 10,
    "created": "2025-05-08T18:20:17.572Z"
  }
},
{
  "model": "products.favouriteproduct",
  "pk": 35,
  "fields": {
    "user": [
      "yaroslav2020bezv@gmail.com"
    ],
    "product": 16
  }
},
{
  "model": "products.favouriteproduct",
  "pk": 46,
  "fields": {
    "user": [
      "yaroslav2020bezv@gmail.com"
    ],
    "product": 11
  }
},
{
  "model": "products.favouriteproduct",
  "pk": 50,
  "fields": {
    "user": [
      "yaroslav2020bezv@gmail.com"
    ],
    "product": 12
  }
},
{
  "model": "products.favouriteproduct",
  "pk": 51,
  "fields": {
    "user": [
      "yaroslav2020bezv@gmail.com"
    ],
    "product": 15
  }
},
{
  "model": "products.review",
  "pk": 1,
  "fields": {
    "title": "title",
    "summary": "sum",
    "pros": "pros",
    "cons": "cons",
    "created_at": "2025-03-03",
    "grade": 4,
    "product": 11,
    "user": null
  }
},
{
  "model": "products.review",
  "pk": 10,
  "fields": {
    "title": "q1",
    "summary": "",
    "pros": "",
    "cons": "",
    "created_at": "2025-03-03",
    "grade": 3,
    "product": 11,
    "user": null
  }
},
{
  "model": "products.review",
  "pk": 12,
  "fields": {
    "title": "q2",
    "summary": "hghhgh",
    "pros": "ghghhhhhhh",
    "cons": "tttttttttt",
    "created_at": "2025-03-03",
    "grade": 4,
    "product": 11,
    "user": [
      "yaroslav2020bezv@gmail.com"
    ]
  }
},
{
  "model": "products.review",
  "pk": 19,
  "fields": {
    "title": "fffffw2",
    "summary": "qqqqqq",
    "pros": "wwwwww",
    "cons": "eeeeeee",
    "created_at": "2025-03-11",
    "grade": 2,
    "product": 11,
    "user": [
      "yaroslav2020bezv@gmail.com"
    ]
  }
},
{
  "model": "products.review",
  "pk": 20,
  "fields": {
    "title": "fq2",
    "summary": "dss",
    "pros": "",
    "cons": "",
    "created_at": "2025-03-11",
    "grade": 4,
    "product": 11,
    "user": [
      "yaroslav2020bezv@gmail.com"
    ]
  }
},
{
  "model": "products.review",
  "pk": 21,
  "fields": {
    "title": "modals",
    "summary": "",
    "pros": "",
    "cons": "",
    "created_at": "2025-03-24",
    "grade": 3,
    "product": 11,
    "user": [
      "yaroslav2020bezv@gmail.com"
    ]
  }
},
{
  "model": "products.product",
  "pk": 11,
  "fields": {
    "title": "iPhone 14 Pro",
    "slug": "iphone-14-pro",
    "summary": "The iPhone 14 Pro is Apple's cutting-edge flagship, featuring a stunning ProMotion display, powerful A16 Bionic chip, and a sophisticated camera system designed for professional photography and immersive experiences.",
    "description": "The iPhone 14 Pro sets a new benchmark in smartphone innovation. Its sleek, premium design incorporates durable materials and a refined finish, while the 6.1-inch Super Retina XDR display with ProMotion technology delivers vibrant colors and ultra-smooth performance. Powered by the advanced A16 Bionic chip, the device ensures lightning-fast performance, whether youre multitasking, gaming, or editing high-resolution photos and videos. The triple-camera system, enhanced with improved low-light capabilities and pro-level video recording, lets you capture every moment with remarkable clarity and detail. Innovative features like the Dynamic Island and an always-on display not only redefine the user interface but also offer smarter ways to interact with your device. Running on the latest iOS, the iPhone 14 Pro provides seamless integration with the Apple ecosystem, robust security, and a host of powerful tools that cater to both creative professionals and everyday users.",
    "price": 999.99,
    "discount": "12.00",
    "quantity": 56,
    "watched": 1641,
    "created_at": "2025-02-24",
    "updated_at": "2025-06-03",
    "warranty": "3.00",
    "category": 13,
    "brand": 1,
    "is_active": true,
    "sku": "qwqeqw",
    "user": null
  }
},
{
  "model": "products.product",
  "pk": 12,
  "fields": {
    "title": "Samsung Galaxy S23",
    "slug": "samsung-galaxy-s23",
    "summary": null,
    "description": "",
    "price": 899.99,
    "discount": null,
    "quantity": 24,
    "watched": 856,
    "created_at": "2025-02-24",
    "updated_at": "2025-06-03",
    "warranty": null,
    "category": 13,
    "brand": 2,
    "is_active": true,
    "sku": "wew",
    "user": null
  }
},
{
  "model": "products.product",
  "pk": 13,
  "fields": {
    "title": "MacBook Air M2",
    "slug": "macbook-air-m2",
    "summary": null,
    "description": "",
    "price": 1299.99,
    "discount": null,
    "quantity": 24,
    "watched": 701,
    "created_at": "2025-02-24",
    "updated_at": "2025-06-03",
    "warranty": null,
    "category": 18,
    "brand": 1,
    "is_active": true,
    "sku": "vdscscdc",
    "user": null
  }
},
{
  "model": "products.product",
  "pk": 14,
  "fields": {
    "title": "Dell XPS 15",
    "slug": "dell-xps-15",
    "summary": null,
    "description": "",
    "price": 1599.99,
    "discount": null,
    "quantity": 16,
    "watched": 500,
    "created_at": "2025-02-24",
    "updated_at": "2025-06-03",
    "warranty": null,
    "category": 18,
    "brand": 4,
    "is_active": true,
    "sku": "nngngghn",
    "user": null
  }
},
{
  "model": "products.product",
  "pk": 15,
  "fields": {
    "title": "Sony WH-1000XM5",
    "slug": "sony-wh-1000xm5",
    "summary": null,
    "description": "",
    "price": 399.99,
    "discount": "50.00",
    "quantity": 42,
    "watched": 1220,
    "created_at": "2025-02-24",
    "updated_at": "2025-06-03",
    "warranty": null,
    "category": 15,
    "brand": 3,
    "is_active": true,
    "sku": "hgdsfwec",
    "user": null
  }
},
{
  "model": "products.product",
  "pk": 16,
  "fields": {
    "title": "Bose QuietComfort 45",
    "slug": "bose-qc45",
    "summary": null,
    "description": "",
    "price": 329.99,
    "discount": null,
    "quantity": 0,
    "watched": 1132,
    "created_at": "2025-02-24",
    "updated_at": "2025-06-03",
    "warranty": null,
    "category": 15,
    "brand": 7,
    "is_active": true,
    "sku": "fedwesax",
    "user": null
  }
},
{
  "model": "products.product",
  "pk": 17,
  "fields": {
    "title": "Canon EOS R6",
    "slug": "canon-eos-r6",
    "summary": null,
    "description": "",
    "price": 2499.99,
    "discount": null,
    "quantity": 14,
    "watched": 300,
    "created_at": "2025-02-24",
    "updated_at": "2025-03-12",
    "warranty": null,
    "category": 21,
    "brand": 6,
    "is_active": true,
    "sku": "hfgdfgd",
    "user": null
  }
},
{
  "model": "products.product",
  "pk": 18,
  "fields": {
    "title": "LG 4K OLED TV",
    "slug": "lg-4k-oled-tv",
    "summary": null,
    "description": "",
    "price": 1499.99,
    "discount": null,
    "quantity": 24,
    "watched": 600,
    "created_at": "2025-02-24",
    "updated_at": "2025-06-03",
    "warranty": null,
    "category": 11,
    "brand": 10,
    "is_active": true,
    "sku": "asdasafsa",
    "user": null
  }
},
{
  "model": "products.product",
  "pk": 19,
  "fields": {
    "title": "Philips Air Purifier",
    "slug": "philips-air-purifier",
    "summary": null,
    "description": "",
    "price": 199.99,
    "discount": null,
    "quantity": 50,
    "watched": 402,
    "created_at": "2025-02-24",
    "updated_at": "2025-03-12",
    "warranty": null,
    "category": 12,
    "brand": 8,
    "is_active": true,
    "sku": "dsadcsfas",
    "user": null
  }
},
{
  "model": "products.product",
  "pk": 20,
  "fields": {
    "title": "Xiaomi Air Conditioner",
    "slug": "xiaomi-air-conditioner",
    "summary": null,
    "description": "",
    "price": 599.99,
    "discount": null,
    "quantity": 30,
    "watched": 451,
    "created_at": "2025-02-24",
    "updated_at": "2025-04-11",
    "warranty": null,
    "category": 12,
    "brand": 10,
    "is_active": true,
    "sku": "qwefghedsfax",
    "user": null
  }
},
{
  "model": "products.product",
  "pk": 22,
  "fields": {
    "title": "ghjbnk",
    "slug": "ghjbnk",
    "summary": null,
    "description": "vjhbnk",
    "price": 569.99,
    "discount": null,
    "quantity": 56,
    "watched": 31,
    "created_at": "2025-03-04",
    "updated_at": "2025-04-10",
    "warranty": null,
    "category": 13,
    "brand": 10,
    "is_active": true,
    "sku": "dfsdsdadasd",
    "user": null
  }
},
{
  "model": "products.product",
  "pk": 23,
  "fields": {
    "title": "new1",
    "slug": "new1",
    "summary": null,
    "description": "",
    "price": 9.99,
    "discount": null,
    "quantity": 34,
    "watched": 5,
    "created_at": "2025-03-12",
    "updated_at": "2025-04-11",
    "warranty": null,
    "category": 10,
    "brand": 10,
    "is_active": true,
    "sku": "SKU-79FB6E84",
    "user": null
  }
},
{
  "model": "products.product",
  "pk": 24,
  "fields": {
    "title": "test product",
    "slug": "test-product",
    "summary": "test",
    "description": "long test",
    "price": 17.0,
    "discount": null,
    "quantity": 10,
    "watched": 15,
    "created_at": "2025-04-12",
    "updated_at": "2025-05-09",
    "warranty": null,
    "category": 15,
    "brand": 8,
    "is_active": true,
    "sku": "SKU-B2665B5F",
    "user": [
      "yaroslav2020bezv@gmail.com"
    ]
  }
},
{
  "model": "products.product",
  "pk": 25,
  "fields": {
    "title": "tets 333",
    "slug": "tets-333",
    "summary": "testttt",
    "description": "long testttt",
    "price": 18.0,
    "discount": "1.00",
    "quantity": 1,
    "watched": 5,
    "created_at": "2025-04-12",
    "updated_at": "2025-04-12",
    "warranty": "1.00",
    "category": 18,
    "brand": 9,
    "is_active": true,
    "sku": "SKU-9A40AE47",
    "user": [
      "yaroslav2020bezv@gmail.com"
    ]
  }
},
{
  "model": "products.product",
  "pk": 26,
  "fields": {
    "title": "dfdf",
    "slug": "dfdf",
    "summary": "fdfdfd",
    "description": "dffdfd",
    "price": 1119.99,
    "discount": "23.00",
    "quantity": 12,
    "watched": 71,
    "created_at": "2025-04-12",
    "updated_at": "2025-05-09",
    "warranty": null,
    "category": 14,
    "brand": 1,
    "is_active": true,
    "sku": "SKU-575D9115",
    "user": [
      "yaroslav2020bezv@gmail.com"
    ]
  }
},
{
  "model": "products.product",
  "pk": 27,
  "fields": {
    "title": "fdffffffffffff",
    "slug": "fdffffffffffff",
    "summary": null,
    "description": "",
    "price": 9.99,
    "discount": null,
    "quantity": 12,
    "watched": 8,
    "created_at": "2025-04-12",
    "updated_at": "2025-04-22",
    "warranty": null,
    "category": 14,
    "brand": 8,
    "is_active": false,
    "sku": "SKU-71466754",
    "user": [
      "yaroslav2020bezv@gmail.com"
    ]
  }
},
{
  "model": "products.product",
  "pk": 28,
  "fields": {
    "title": "qwertttttt xiaomi",
    "slug": "qwertttttt-xiaomi",
    "summary": "xiaomi",
    "description": "xiaomi",
    "price": 19.99,
    "discount": "2.00",
    "quantity": 123,
    "watched": 0,
    "created_at": "2025-05-09",
    "updated_at": "2025-05-09",
    "warranty": "2.00",
    "category": 16,
    "brand": 10,
    "is_active": true,
    "sku": "SKU-11D81FE0",
    "user": [
      "20113257@mail.wit.ie"
    ]
  }
},
{
  "model": "admin.logentry",
  "pk": 1,
  "fields": {
    "action_time": "2025-02-24T19:27:56.750Z",
    "user": [
      "yaroslav2020bezv@gmail.com"
    ],
    "content_type": [
      "products",
      "product"
    ],
    "object_id": "2",
    "object_repr": "cxcx",
    "action_flag": 1,
    "change_message": "[{\"added\": {}}]"
  }
},
{
  "model": "admin.logentry",
  "pk": 2,
  "fields": {
    "action_time": "2025-02-24T19:37:19.210Z",
    "user": [
      "yaroslav2020bezv@gmail.com"
    ],
    "content_type": [
      "products",
      "product"
    ],
    "object_id": "2",
    "object_repr": "cxcx",
    "action_flag": 2,
    "change_message": "[]"
  }
},
{
  "model": "admin.logentry",
  "pk": 3,
  "fields": {
    "action_time": "2025-02-24T19:37:41.611Z",
    "user": [
      "yaroslav2020bezv@gmail.com"
    ],
    "content_type": [
      "products",
      "product"
    ],
    "object_id": "3",
    "object_repr": "ddsd",
    "action_flag": 1,
    "change_message": "[{\"added\": {}}]"
  }
},
{
  "model": "admin.logentry",
  "pk": 4,
  "fields": {
    "action_time": "2025-02-24T19:47:21.771Z",
    "user": [
      "yaroslav2020bezv@gmail.com"
    ],
    "content_type": [
      "products",
      "product"
    ],
    "object_id": "3",
    "object_repr": "ddsd",
    "action_flag": 2,
    "change_message": "[]"
  }
},
{
  "model": "admin.logentry",
  "pk": 5,
  "fields": {
    "action_time": "2025-02-24T19:47:27.505Z",
    "user": [
      "yaroslav2020bezv@gmail.com"
    ],
    "content_type": [
      "products",
      "product"
    ],
    "object_id": "2",
    "object_repr": "cxcx",
    "action_flag": 2,
    "change_message": "[]"
  }
},
{
  "model": "admin.logentry",
  "pk": 6,
  "fields": {
    "action_time": "2025-02-24T19:48:42.910Z",
    "user": [
      "yaroslav2020bezv@gmail.com"
    ],
    "content_type": [
      "products",
      "product"
    ],
    "object_id": "3",
    "object_repr": "ddsd",
    "action_flag": 2,
    "change_message": "[]"
  }
},
{
  "model": "admin.logentry",
  "pk": 7,
  "fields": {
    "action_time": "2025-02-24T19:48:48.005Z",
    "user": [
      "yaroslav2020bezv@gmail.com"
    ],
    "content_type": [
      "products",
      "product"
    ],
    "object_id": "2",
    "object_repr": "cxcx",
    "action_flag": 2,
    "change_message": "[]"
  }
},
{
  "model": "admin.logentry",
  "pk": 8,
  "fields": {
    "action_time": "2025-02-24T19:49:50.341Z",
    "user": [
      "yaroslav2020bezv@gmail.com"
    ],
    "content_type": [
      "products",
      "product"
    ],
    "object_id": "3",
    "object_repr": "ddsd",
    "action_flag": 2,
    "change_message": "[]"
  }
},
{
  "model": "admin.logentry",
  "pk": 9,
  "fields": {
    "action_time": "2025-02-24T19:54:50.625Z",
    "user": [
      "yaroslav2020bezv@gmail.com"
    ],
    "content_type": [
      "products",
      "product"
    ],
    "object_id": "3",
    "object_repr": "ddsd",
    "action_flag": 2,
    "change_message": "[]"
  }
},
{
  "model": "admin.logentry",
  "pk": 10,
  "fields": {
    "action_time": "2025-02-24T19:54:57.200Z",
    "user": [
      "yaroslav2020bezv@gmail.com"
    ],
    "content_type": [
      "products",
      "product"
    ],
    "object_id": "3",
    "object_repr": "ddsd",
    "action_flag": 2,
    "change_message": "[]"
  }
},
{
  "model": "admin.logentry",
  "pk": 11,
  "fields": {
    "action_time": "2025-02-24T19:55:03.154Z",
    "user": [
      "yaroslav2020bezv@gmail.com"
    ],
    "content_type": [
      "products",
      "product"
    ],
    "object_id": "2",
    "object_repr": "cxcx",
    "action_flag": 2,
    "change_message": "[]"
  }
},
{
  "model": "admin.logentry",
  "pk": 12,
  "fields": {
    "action_time": "2025-02-24T19:55:11.560Z",
    "user": [
      "yaroslav2020bezv@gmail.com"
    ],
    "content_type": [
      "products",
      "product"
    ],
    "object_id": "3",
    "object_repr": "ddsd",
    "action_flag": 2,
    "change_message": "[]"
  }
},
{
  "model": "admin.logentry",
  "pk": 13,
  "fields": {
    "action_time": "2025-02-24T19:55:31.578Z",
    "user": [
      "yaroslav2020bezv@gmail.com"
    ],
    "content_type": [
      "products",
      "product"
    ],
    "object_id": "3",
    "object_repr": "ddsd",
    "action_flag": 2,
    "change_message": "[]"
  }
},
{
  "model": "admin.logentry",
  "pk": 14,
  "fields": {
    "action_time": "2025-02-24T20:02:58.553Z",
    "user": [
      "yaroslav2020bezv@gmail.com"
    ],
    "content_type": [
      "products",
      "product"
    ],
    "object_id": "2",
    "object_repr": "cxcx",
    "action_flag": 2,
    "change_message": "[{\"added\": {\"name\": \"product characteristic\", \"object\": \"Battery Capacity: 78\"}}]"
  }
},
{
  "model": "admin.logentry",
  "pk": 15,
  "fields": {
    "action_time": "2025-02-24T20:03:06.452Z",
    "user": [
      "yaroslav2020bezv@gmail.com"
    ],
    "content_type": [
      "products",
      "product"
    ],
    "object_id": "2",
    "object_repr": "cxcx",
    "action_flag": 2,
    "change_message": "[{\"deleted\": {\"name\": \"product characteristic\", \"object\": \"Battery Capacity: 78\"}}]"
  }
},
{
  "model": "admin.logentry",
  "pk": 16,
  "fields": {
    "action_time": "2025-02-24T20:03:10.644Z",
    "user": [
      "yaroslav2020bezv@gmail.com"
    ],
    "content_type": [
      "products",
      "product"
    ],
    "object_id": "2",
    "object_repr": "cxcx",
    "action_flag": 2,
    "change_message": "[]"
  }
},
{
  "model": "admin.logentry",
  "pk": 17,
  "fields": {
    "action_time": "2025-02-24T20:09:27.481Z",
    "user": [
      "yaroslav2020bezv@gmail.com"
    ],
    "content_type": [
      "products",
      "product"
    ],
    "object_id": "4",
    "object_repr": "fgffb",
    "action_flag": 1,
    "change_message": "[{\"added\": {}}]"
  }
},
{
  "model": "admin.logentry",
  "pk": 18,
  "fields": {
    "action_time": "2025-02-24T20:09:43.749Z",
    "user": [
      "yaroslav2020bezv@gmail.com"
    ],
    "content_type": [
      "products",
      "product"
    ],
    "object_id": "5",
    "object_repr": "ghghghg",
    "action_flag": 1,
    "change_message": "[{\"added\": {}}]"
  }
},
{
  "model": "admin.logentry",
  "pk": 19,
  "fields": {
    "action_time": "2025-02-24T20:33:29.203Z",
    "user": [
      "yaroslav2020bezv@gmail.com"
    ],
    "content_type": [
      "products",
      "product"
    ],
    "object_id": "6",
    "object_repr": "fdgf",
    "action_flag": 1,
    "change_message": "[{\"added\": {}}]"
  }
},
{
  "model": "admin.logentry",
  "pk": 20,
  "fields": {
    "action_time": "2025-02-24T20:33:42.129Z",
    "user": [
      "yaroslav2020bezv@gmail.com"
    ],
    "content_type": [
      "products",
      "product"
    ],
    "object_id": "6",
    "object_repr": "fdgf",
    "action_flag": 2,
    "change_message": "[]"
  }
},
{
  "model": "admin.logentry",
  "pk": 21,
  "fields": {
    "action_time": "2025-02-24T20:33:49.210Z",
    "user": [
      "yaroslav2020bezv@gmail.com"
    ],
    "content_type": [
      "products",
      "product"
    ],
    "object_id": "5",
    "object_repr": "ghghghg",
    "action_flag": 2,
    "change_message": "[]"
  }
},
{
  "model": "admin.logentry",
  "pk": 22,
  "fields": {
    "action_time": "2025-02-24T20:34:00.378Z",
    "user": [
      "yaroslav2020bezv@gmail.com"
    ],
    "content_type": [
      "products",
      "product"
    ],
    "object_id": "7",
    "object_repr": "cvcv",
    "action_flag": 1,
    "change_message": "[{\"added\": {}}]"
  }
},
{
  "model": "admin.logentry",
  "pk": 23,
  "fields": {
    "action_time": "2025-02-24T20:34:14.426Z",
    "user": [
      "yaroslav2020bezv@gmail.com"
    ],
    "content_type": [
      "products",
      "product"
    ],
    "object_id": "8",
    "object_repr": "fgfg",
    "action_flag": 1,
    "change_message": "[{\"added\": {}}]"
  }
},
{
  "model": "admin.logentry",
  "pk": 24,
  "fields": {
    "action_time": "2025-02-24T20:34:20.028Z",
    "user": [
      "yaroslav2020bezv@gmail.com"
    ],
    "content_type": [
      "products",
      "product"
    ],
    "object_id": "8",
    "object_repr": "fgfg",
    "action_flag": 2,
    "change_message": "[]"
  }
},
{
  "model": "admin.logentry",
  "pk": 25,
  "fields": {
    "action_time": "2025-02-24T20:34:38.668Z",
    "user": [
      "yaroslav2020bezv@gmail.com"
    ],
    "content_type": [
      "products",
      "product"
    ],
    "object_id": "9",
    "object_repr": "fgfgfg",
    "action_flag": 1,
    "change_message": "[{\"added\": {}}]"
  }
},
{
  "model": "admin.logentry",
  "pk": 26,
  "fields": {
    "action_time": "2025-02-24T21:22:11.036Z",
    "user": [
      "yaroslav2020bezv@gmail.com"
    ],
    "content_type": [
      "products",
      "product"
    ],
    "object_id": "9",
    "object_repr": "fgfgfg",
    "action_flag": 3,
    "change_message": ""
  }
},
{
  "model": "admin.logentry",
  "pk": 27,
  "fields": {
    "action_time": "2025-02-24T21:22:11.036Z",
    "user": [
      "yaroslav2020bezv@gmail.com"
    ],
    "content_type": [
      "products",
      "product"
    ],
    "object_id": "8",
    "object_repr": "fgfg",
    "action_flag": 3,
    "change_message": ""
  }
},
{
  "model": "admin.logentry",
  "pk": 28,
  "fields": {
    "action_time": "2025-02-24T21:22:11.036Z",
    "user": [
      "yaroslav2020bezv@gmail.com"
    ],
    "content_type": [
      "products",
      "product"
    ],
    "object_id": "7",
    "object_repr": "cvcv",
    "action_flag": 3,
    "change_message": ""
  }
},
{
  "model": "admin.logentry",
  "pk": 29,
  "fields": {
    "action_time": "2025-02-24T21:22:11.036Z",
    "user": [
      "yaroslav2020bezv@gmail.com"
    ],
    "content_type": [
      "products",
      "product"
    ],
    "object_id": "6",
    "object_repr": "fdgf",
    "action_flag": 3,
    "change_message": ""
  }
},
{
  "model": "admin.logentry",
  "pk": 30,
  "fields": {
    "action_time": "2025-02-24T21:22:11.037Z",
    "user": [
      "yaroslav2020bezv@gmail.com"
    ],
    "content_type": [
      "products",
      "product"
    ],
    "object_id": "5",
    "object_repr": "ghghghg",
    "action_flag": 3,
    "change_message": ""
  }
},
{
  "model": "admin.logentry",
  "pk": 31,
  "fields": {
    "action_time": "2025-02-24T21:22:11.037Z",
    "user": [
      "yaroslav2020bezv@gmail.com"
    ],
    "content_type": [
      "products",
      "product"
    ],
    "object_id": "4",
    "object_repr": "fgffb",
    "action_flag": 3,
    "change_message": ""
  }
},
{
  "model": "admin.logentry",
  "pk": 32,
  "fields": {
    "action_time": "2025-02-24T21:22:11.037Z",
    "user": [
      "yaroslav2020bezv@gmail.com"
    ],
    "content_type": [
      "products",
      "product"
    ],
    "object_id": "3",
    "object_repr": "ddsd",
    "action_flag": 3,
    "change_message": ""
  }
},
{
  "model": "admin.logentry",
  "pk": 33,
  "fields": {
    "action_time": "2025-02-24T21:22:11.037Z",
    "user": [
      "yaroslav2020bezv@gmail.com"
    ],
    "content_type": [
      "products",
      "product"
    ],
    "object_id": "2",
    "object_repr": "cxcx",
    "action_flag": 3,
    "change_message": ""
  }
},
{
  "model": "admin.logentry",
  "pk": 34,
  "fields": {
    "action_time": "2025-02-24T21:22:49.804Z",
    "user": [
      "yaroslav2020bezv@gmail.com"
    ],
    "content_type": [
      "products",
      "category"
    ],
    "object_id": "6",
    "object_repr": "Headphones",
    "action_flag": 3,
    "change_message": ""
  }
},
{
  "model": "admin.logentry",
  "pk": 35,
  "fields": {
    "action_time": "2025-02-24T21:22:49.805Z",
    "user": [
      "yaroslav2020bezv@gmail.com"
    ],
    "content_type": [
      "products",
      "category"
    ],
    "object_id": "5",
    "object_repr": "Cases",
    "action_flag": 3,
    "change_message": ""
  }
},
{
  "model": "admin.logentry",
  "pk": 36,
  "fields": {
    "action_time": "2025-02-24T21:22:49.805Z",
    "user": [
      "yaroslav2020bezv@gmail.com"
    ],
    "content_type": [
      "products",
      "category"
    ],
    "object_id": "4",
    "object_repr": "Smartphones",
    "action_flag": 3,
    "change_message": ""
  }
},
{
  "model": "admin.logentry",
  "pk": 37,
  "fields": {
    "action_time": "2025-02-24T21:22:49.805Z",
    "user": [
      "yaroslav2020bezv@gmail.com"
    ],
    "content_type": [
      "products",
      "category"
    ],
    "object_id": "3",
    "object_repr": "Photo",
    "action_flag": 3,
    "change_message": ""
  }
},
{
  "model": "admin.logentry",
  "pk": 38,
  "fields": {
    "action_time": "2025-02-24T21:22:49.805Z",
    "user": [
      "yaroslav2020bezv@gmail.com"
    ],
    "content_type": [
      "products",
      "category"
    ],
    "object_id": "2",
    "object_repr": "Computers",
    "action_flag": 3,
    "change_message": ""
  }
},
{
  "model": "admin.logentry",
  "pk": 39,
  "fields": {
    "action_time": "2025-02-24T21:22:49.805Z",
    "user": [
      "yaroslav2020bezv@gmail.com"
    ],
    "content_type": [
      "products",
      "category"
    ],
    "object_id": "1",
    "object_repr": "Gadgets",
    "action_flag": 3,
    "change_message": ""
  }
},
{
  "model": "admin.logentry",
  "pk": 40,
  "fields": {
    "action_time": "2025-02-24T21:29:35.053Z",
    "user": [
      "yaroslav2020bezv@gmail.com"
    ],
    "content_type": [
      "products",
      "product"
    ],
    "object_id": "19",
    "object_repr": "Philips Air Purifier",
    "action_flag": 2,
    "change_message": "[]"
  }
},
{
  "model": "admin.logentry",
  "pk": 41,
  "fields": {
    "action_time": "2025-02-24T21:33:01.219Z",
    "user": [
      "yaroslav2020bezv@gmail.com"
    ],
    "content_type": [
      "products",
      "product"
    ],
    "object_id": "14",
    "object_repr": "Dell XPS 15",
    "action_flag": 2,
    "change_message": "[]"
  }
},
{
  "model": "admin.logentry",
  "pk": 42,
  "fields": {
    "action_time": "2025-02-24T21:33:31.443Z",
    "user": [
      "yaroslav2020bezv@gmail.com"
    ],
    "content_type": [
      "products",
      "product"
    ],
    "object_id": "11",
    "object_repr": "iPhone 14 Pro",
    "action_flag": 2,
    "change_message": "[{\"changed\": {\"name\": \"product characteristic\", \"object\": \"Screen Size: 6.1 inches\", \"fields\": [\"Characteristic\"]}}, {\"changed\": {\"name\": \"product characteristic\", \"object\": \"Battery Capacity: 3200 mAh\", \"fields\": [\"Characteristic\"]}}]"
  }
},
{
  "model": "admin.logentry",
  "pk": 43,
  "fields": {
    "action_time": "2025-02-24T21:33:36.462Z",
    "user": [
      "yaroslav2020bezv@gmail.com"
    ],
    "content_type": [
      "products",
      "product"
    ],
    "object_id": "12",
    "object_repr": "Samsung Galaxy S23",
    "action_flag": 2,
    "change_message": "[]"
  }
},
{
  "model": "admin.logentry",
  "pk": 44,
  "fields": {
    "action_time": "2025-02-24T21:33:45.167Z",
    "user": [
      "yaroslav2020bezv@gmail.com"
    ],
    "content_type": [
      "products",
      "product"
    ],
    "object_id": "15",
    "object_repr": "Sony WH-1000XM5",
    "action_flag": 2,
    "change_message": "[]"
  }
},
{
  "model": "admin.logentry",
  "pk": 45,
  "fields": {
    "action_time": "2025-02-25T18:15:41.367Z",
    "user": [
      "yaroslav2020bezv@gmail.com"
    ],
    "content_type": [
      "products",
      "brand"
    ],
    "object_id": "10",
    "object_repr": "Xiaomi",
    "action_flag": 2,
    "change_message": "[{\"changed\": {\"fields\": [\"Slug\"]}}]"
  }
},
{
  "model": "admin.logentry",
  "pk": 46,
  "fields": {
    "action_time": "2025-02-25T18:15:47.078Z",
    "user": [
      "yaroslav2020bezv@gmail.com"
    ],
    "content_type": [
      "products",
      "brand"
    ],
    "object_id": "9",
    "object_repr": "LG",
    "action_flag": 2,
    "change_message": "[{\"changed\": {\"fields\": [\"Slug\"]}}]"
  }
},
{
  "model": "admin.logentry",
  "pk": 47,
  "fields": {
    "action_time": "2025-02-25T18:15:55.332Z",
    "user": [
      "yaroslav2020bezv@gmail.com"
    ],
    "content_type": [
      "products",
      "brand"
    ],
    "object_id": "8",
    "object_repr": "Philips",
    "action_flag": 2,
    "change_message": "[{\"changed\": {\"fields\": [\"Slug\"]}}]"
  }
},
{
  "model": "admin.logentry",
  "pk": 48,
  "fields": {
    "action_time": "2025-02-25T18:16:01.359Z",
    "user": [
      "yaroslav2020bezv@gmail.com"
    ],
    "content_type": [
      "products",
      "brand"
    ],
    "object_id": "7",
    "object_repr": "Bose",
    "action_flag": 2,
    "change_message": "[{\"changed\": {\"fields\": [\"Slug\"]}}]"
  }
},
{
  "model": "admin.logentry",
  "pk": 49,
  "fields": {
    "action_time": "2025-02-25T18:16:07.156Z",
    "user": [
      "yaroslav2020bezv@gmail.com"
    ],
    "content_type": [
      "products",
      "brand"
    ],
    "object_id": "6",
    "object_repr": "Canon",
    "action_flag": 2,
    "change_message": "[{\"changed\": {\"fields\": [\"Slug\"]}}]"
  }
},
{
  "model": "admin.logentry",
  "pk": 50,
  "fields": {
    "action_time": "2025-02-25T18:16:14.147Z",
    "user": [
      "yaroslav2020bezv@gmail.com"
    ],
    "content_type": [
      "products",
      "brand"
    ],
    "object_id": "5",
    "object_repr": "HP",
    "action_flag": 2,
    "change_message": "[{\"changed\": {\"fields\": [\"Slug\"]}}]"
  }
},
{
  "model": "admin.logentry",
  "pk": 51,
  "fields": {
    "action_time": "2025-02-25T18:16:18.603Z",
    "user": [
      "yaroslav2020bezv@gmail.com"
    ],
    "content_type": [
      "products",
      "brand"
    ],
    "object_id": "4",
    "object_repr": "Dell",
    "action_flag": 2,
    "change_message": "[{\"changed\": {\"fields\": [\"Slug\"]}}]"
  }
},
{
  "model": "admin.logentry",
  "pk": 52,
  "fields": {
    "action_time": "2025-02-25T18:16:22.936Z",
    "user": [
      "yaroslav2020bezv@gmail.com"
    ],
    "content_type": [
      "products",
      "brand"
    ],
    "object_id": "3",
    "object_repr": "Sony",
    "action_flag": 2,
    "change_message": "[{\"changed\": {\"fields\": [\"Slug\"]}}]"
  }
},
{
  "model": "admin.logentry",
  "pk": 53,
  "fields": {
    "action_time": "2025-02-25T18:16:28.322Z",
    "user": [
      "yaroslav2020bezv@gmail.com"
    ],
    "content_type": [
      "products",
      "brand"
    ],
    "object_id": "2",
    "object_repr": "Samsung",
    "action_flag": 2,
    "change_message": "[{\"changed\": {\"fields\": [\"Slug\"]}}]"
  }
},
{
  "model": "admin.logentry",
  "pk": 54,
  "fields": {
    "action_time": "2025-02-25T18:16:35.266Z",
    "user": [
      "yaroslav2020bezv@gmail.com"
    ],
    "content_type": [
      "products",
      "brand"
    ],
    "object_id": "1",
    "object_repr": "Apple",
    "action_flag": 2,
    "change_message": "[{\"changed\": {\"fields\": [\"Slug\"]}}]"
  }
},
{
  "model": "admin.logentry",
  "pk": 55,
  "fields": {
    "action_time": "2025-02-25T18:17:23.394Z",
    "user": [
      "yaroslav2020bezv@gmail.com"
    ],
    "content_type": [
      "products",
      "characteristic"
    ],
    "object_id": "16",
    "object_repr": "ISO Range",
    "action_flag": 2,
    "change_message": "[{\"changed\": {\"fields\": [\"Slug\"]}}]"
  }
},
{
  "model": "admin.logentry",
  "pk": 56,
  "fields": {
    "action_time": "2025-02-25T18:17:33.263Z",
    "user": [
      "yaroslav2020bezv@gmail.com"
    ],
    "content_type": [
      "products",
      "characteristic"
    ],
    "object_id": "15",
    "object_repr": "Lens Type",
    "action_flag": 2,
    "change_message": "[{\"changed\": {\"fields\": [\"Slug\"]}}]"
  }
},
{
  "model": "admin.logentry",
  "pk": 57,
  "fields": {
    "action_time": "2025-02-25T18:17:40.272Z",
    "user": [
      "yaroslav2020bezv@gmail.com"
    ],
    "content_type": [
      "products",
      "characteristic"
    ],
    "object_id": "14",
    "object_repr": "Megapixels",
    "action_flag": 2,
    "change_message": "[{\"changed\": {\"fields\": [\"Slug\"]}}]"
  }
},
{
  "model": "admin.logentry",
  "pk": 58,
  "fields": {
    "action_time": "2025-02-25T18:17:52.912Z",
    "user": [
      "yaroslav2020bezv@gmail.com"
    ],
    "content_type": [
      "products",
      "characteristic"
    ],
    "object_id": "13",
    "object_repr": "Noise Cancellation",
    "action_flag": 2,
    "change_message": "[{\"changed\": {\"fields\": [\"Slug\"]}}]"
  }
},
{
  "model": "admin.logentry",
  "pk": 59,
  "fields": {
    "action_time": "2025-02-25T18:18:04.945Z",
    "user": [
      "yaroslav2020bezv@gmail.com"
    ],
    "content_type": [
      "products",
      "characteristic"
    ],
    "object_id": "12",
    "object_repr": "Battery Life",
    "action_flag": 2,
    "change_message": "[{\"changed\": {\"fields\": [\"Slug\"]}}]"
  }
},
{
  "model": "admin.logentry",
  "pk": 60,
  "fields": {
    "action_time": "2025-02-25T18:18:11.196Z",
    "user": [
      "yaroslav2020bezv@gmail.com"
    ],
    "content_type": [
      "products",
      "characteristic"
    ],
    "object_id": "11",
    "object_repr": "Wireless",
    "action_flag": 2,
    "change_message": "[{\"changed\": {\"fields\": [\"Slug\"]}}]"
  }
},
{
  "model": "admin.logentry",
  "pk": 61,
  "fields": {
    "action_time": "2025-02-25T18:18:17.631Z",
    "user": [
      "yaroslav2020bezv@gmail.com"
    ],
    "content_type": [
      "products",
      "characteristic"
    ],
    "object_id": "10",
    "object_repr": "Storage",
    "action_flag": 2,
    "change_message": "[{\"changed\": {\"fields\": [\"Slug\"]}}]"
  }
},
{
  "model": "admin.logentry",
  "pk": 62,
  "fields": {
    "action_time": "2025-02-25T18:18:26.691Z",
    "user": [
      "yaroslav2020bezv@gmail.com"
    ],
    "content_type": [
      "products",
      "characteristic"
    ],
    "object_id": "9",
    "object_repr": "RAM",
    "action_flag": 2,
    "change_message": "[{\"changed\": {\"fields\": [\"Slug\"]}}]"
  }
},
{
  "model": "admin.logentry",
  "pk": 63,
  "fields": {
    "action_time": "2025-02-25T18:18:34.818Z",
    "user": [
      "yaroslav2020bezv@gmail.com"
    ],
    "content_type": [
      "products",
      "characteristic"
    ],
    "object_id": "8",
    "object_repr": "Processor",
    "action_flag": 2,
    "change_message": "[{\"changed\": {\"fields\": [\"Slug\"]}}]"
  }
},
{
  "model": "admin.logentry",
  "pk": 64,
  "fields": {
    "action_time": "2025-02-25T18:18:45.665Z",
    "user": [
      "yaroslav2020bezv@gmail.com"
    ],
    "content_type": [
      "products",
      "characteristic"
    ],
    "object_id": "7",
    "object_repr": "Camera Resolution",
    "action_flag": 2,
    "change_message": "[{\"changed\": {\"fields\": [\"Slug\"]}}]"
  }
},
{
  "model": "admin.logentry",
  "pk": 65,
  "fields": {
    "action_time": "2025-02-25T18:18:55.721Z",
    "user": [
      "yaroslav2020bezv@gmail.com"
    ],
    "content_type": [
      "products",
      "characteristic"
    ],
    "object_id": "6",
    "object_repr": "Battery Capacity",
    "action_flag": 2,
    "change_message": "[{\"changed\": {\"fields\": [\"Slug\"]}}]"
  }
},
{
  "model": "admin.logentry",
  "pk": 66,
  "fields": {
    "action_time": "2025-02-25T18:19:06.268Z",
    "user": [
      "yaroslav2020bezv@gmail.com"
    ],
    "content_type": [
      "products",
      "characteristic"
    ],
    "object_id": "5",
    "object_repr": "Screen Size",
    "action_flag": 2,
    "change_message": "[{\"changed\": {\"fields\": [\"Slug\"]}}]"
  }
},
{
  "model": "admin.logentry",
  "pk": 67,
  "fields": {
    "action_time": "2025-02-25T18:19:18.175Z",
    "user": [
      "yaroslav2020bezv@gmail.com"
    ],
    "content_type": [
      "products",
      "characteristic"
    ],
    "object_id": "4",
    "object_repr": "Operating System",
    "action_flag": 2,
    "change_message": "[{\"changed\": {\"fields\": [\"Slug\"]}}]"
  }
},
{
  "model": "admin.logentry",
  "pk": 68,
  "fields": {
    "action_time": "2025-02-25T18:19:27.864Z",
    "user": [
      "yaroslav2020bezv@gmail.com"
    ],
    "content_type": [
      "products",
      "characteristic"
    ],
    "object_id": "3",
    "object_repr": "Battery Capacity",
    "action_flag": 2,
    "change_message": "[{\"changed\": {\"fields\": [\"Slug\"]}}]"
  }
},
{
  "model": "admin.logentry",
  "pk": 69,
  "fields": {
    "action_time": "2025-02-25T18:20:02.975Z",
    "user": [
      "yaroslav2020bezv@gmail.com"
    ],
    "content_type": [
      "products",
      "characteristic"
    ],
    "object_id": "4",
    "object_repr": "Operating System",
    "action_flag": 3,
    "change_message": ""
  }
},
{
  "model": "admin.logentry",
  "pk": 70,
  "fields": {
    "action_time": "2025-02-25T18:20:02.975Z",
    "user": [
      "yaroslav2020bezv@gmail.com"
    ],
    "content_type": [
      "products",
      "characteristic"
    ],
    "object_id": "3",
    "object_repr": "Battery Capacity",
    "action_flag": 3,
    "change_message": ""
  }
},
{
  "model": "admin.logentry",
  "pk": 71,
  "fields": {
    "action_time": "2025-02-25T18:20:02.975Z",
    "user": [
      "yaroslav2020bezv@gmail.com"
    ],
    "content_type": [
      "products",
      "characteristic"
    ],
    "object_id": "2",
    "object_repr": "Screen Size",
    "action_flag": 3,
    "change_message": ""
  }
},
{
  "model": "admin.logentry",
  "pk": 72,
  "fields": {
    "action_time": "2025-02-25T18:34:39.356Z",
    "user": [
      "yaroslav2020bezv@gmail.com"
    ],
    "content_type": [
      "products",
      "brand"
    ],
    "object_id": "10",
    "object_repr": "Xiaomi",
    "action_flag": 2,
    "change_message": "[{\"changed\": {\"fields\": [\"Image\"]}}]"
  }
},
{
  "model": "admin.logentry",
  "pk": 73,
  "fields": {
    "action_time": "2025-02-25T18:35:13.314Z",
    "user": [
      "yaroslav2020bezv@gmail.com"
    ],
    "content_type": [
      "products",
      "brand"
    ],
    "object_id": "9",
    "object_repr": "LG",
    "action_flag": 2,
    "change_message": "[{\"changed\": {\"fields\": [\"Image\"]}}]"
  }
},
{
  "model": "admin.logentry",
  "pk": 74,
  "fields": {
    "action_time": "2025-02-25T18:35:33.869Z",
    "user": [
      "yaroslav2020bezv@gmail.com"
    ],
    "content_type": [
      "products",
      "brand"
    ],
    "object_id": "8",
    "object_repr": "Philips",
    "action_flag": 2,
    "change_message": "[{\"changed\": {\"fields\": [\"Image\"]}}]"
  }
},
{
  "model": "admin.logentry",
  "pk": 75,
  "fields": {
    "action_time": "2025-02-25T18:35:56.510Z",
    "user": [
      "yaroslav2020bezv@gmail.com"
    ],
    "content_type": [
      "products",
      "brand"
    ],
    "object_id": "7",
    "object_repr": "Bose",
    "action_flag": 2,
    "change_message": "[{\"changed\": {\"fields\": [\"Image\"]}}]"
  }
},
{
  "model": "admin.logentry",
  "pk": 76,
  "fields": {
    "action_time": "2025-02-25T18:36:14.045Z",
    "user": [
      "yaroslav2020bezv@gmail.com"
    ],
    "content_type": [
      "products",
      "brand"
    ],
    "object_id": "6",
    "object_repr": "Canon",
    "action_flag": 2,
    "change_message": "[{\"changed\": {\"fields\": [\"Image\"]}}]"
  }
},
{
  "model": "admin.logentry",
  "pk": 77,
  "fields": {
    "action_time": "2025-02-25T18:36:30.405Z",
    "user": [
      "yaroslav2020bezv@gmail.com"
    ],
    "content_type": [
      "products",
      "brand"
    ],
    "object_id": "5",
    "object_repr": "HP",
    "action_flag": 2,
    "change_message": "[{\"changed\": {\"fields\": [\"Image\"]}}]"
  }
},
{
  "model": "admin.logentry",
  "pk": 78,
  "fields": {
    "action_time": "2025-02-25T18:36:48.315Z",
    "user": [
      "yaroslav2020bezv@gmail.com"
    ],
    "content_type": [
      "products",
      "brand"
    ],
    "object_id": "4",
    "object_repr": "Dell",
    "action_flag": 2,
    "change_message": "[{\"changed\": {\"fields\": [\"Image\"]}}]"
  }
},
{
  "model": "admin.logentry",
  "pk": 79,
  "fields": {
    "action_time": "2025-02-25T18:37:05.977Z",
    "user": [
      "yaroslav2020bezv@gmail.com"
    ],
    "content_type": [
      "products",
      "brand"
    ],
    "object_id": "3",
    "object_repr": "Sony",
    "action_flag": 2,
    "change_message": "[{\"changed\": {\"fields\": [\"Image\"]}}]"
  }
},
{
  "model": "admin.logentry",
  "pk": 80,
  "fields": {
    "action_time": "2025-02-25T18:37:28.368Z",
    "user": [
      "yaroslav2020bezv@gmail.com"
    ],
    "content_type": [
      "products",
      "brand"
    ],
    "object_id": "2",
    "object_repr": "Samsung",
    "action_flag": 2,
    "change_message": "[{\"changed\": {\"fields\": [\"Image\"]}}]"
  }
},
{
  "model": "admin.logentry",
  "pk": 81,
  "fields": {
    "action_time": "2025-02-25T18:37:51.244Z",
    "user": [
      "yaroslav2020bezv@gmail.com"
    ],
    "content_type": [
      "products",
      "brand"
    ],
    "object_id": "1",
    "object_repr": "Apple",
    "action_flag": 2,
    "change_message": "[{\"changed\": {\"fields\": [\"Image\"]}}]"
  }
},
{
  "model": "admin.logentry",
  "pk": 82,
  "fields": {
    "action_time": "2025-02-25T18:38:39.172Z",
    "user": [
      "yaroslav2020bezv@gmail.com"
    ],
    "content_type": [
      "products",
      "category"
    ],
    "object_id": "8",
    "object_repr": "Gadgets",
    "action_flag": 2,
    "change_message": "[{\"changed\": {\"fields\": [\"Image\"]}}]"
  }
},
{
  "model": "admin.logentry",
  "pk": 83,
  "fields": {
    "action_time": "2025-02-25T18:38:55.809Z",
    "user": [
      "yaroslav2020bezv@gmail.com"
    ],
    "content_type": [
      "products",
      "category"
    ],
    "object_id": "8",
    "object_repr": "Gadgets",
    "action_flag": 2,
    "change_message": "[]"
  }
},
{
  "model": "admin.logentry",
  "pk": 84,
  "fields": {
    "action_time": "2025-02-25T18:39:18.862Z",
    "user": [
      "yaroslav2020bezv@gmail.com"
    ],
    "content_type": [
      "products",
      "category"
    ],
    "object_id": "9",
    "object_repr": "Computers",
    "action_flag": 2,
    "change_message": "[{\"changed\": {\"fields\": [\"Image\"]}}]"
  }
},
{
  "model": "admin.logentry",
  "pk": 85,
  "fields": {
    "action_time": "2025-02-25T18:39:36.352Z",
    "user": [
      "yaroslav2020bezv@gmail.com"
    ],
    "content_type": [
      "products",
      "category"
    ],
    "object_id": "10",
    "object_repr": "Photo",
    "action_flag": 2,
    "change_message": "[{\"changed\": {\"fields\": [\"Image\"]}}]"
  }
},
{
  "model": "admin.logentry",
  "pk": 86,
  "fields": {
    "action_time": "2025-02-25T18:39:59.453Z",
    "user": [
      "yaroslav2020bezv@gmail.com"
    ],
    "content_type": [
      "products",
      "category"
    ],
    "object_id": "11",
    "object_repr": "Home Appliances",
    "action_flag": 2,
    "change_message": "[{\"changed\": {\"fields\": [\"Image\"]}}]"
  }
},
{
  "model": "admin.logentry",
  "pk": 87,
  "fields": {
    "action_time": "2025-02-25T18:40:47.534Z",
    "user": [
      "yaroslav2020bezv@gmail.com"
    ],
    "content_type": [
      "products",
      "category"
    ],
    "object_id": "12",
    "object_repr": "Climate",
    "action_flag": 2,
    "change_message": "[{\"changed\": {\"fields\": [\"Image\"]}}]"
  }
},
{
  "model": "admin.logentry",
  "pk": 88,
  "fields": {
    "action_time": "2025-02-25T18:44:23.080Z",
    "user": [
      "yaroslav2020bezv@gmail.com"
    ],
    "content_type": [
      "products",
      "product"
    ],
    "object_id": "11",
    "object_repr": "iPhone 14 Pro",
    "action_flag": 2,
    "change_message": "[{\"added\": {\"name\": \"image\", \"object\": \"Image object (1)\"}}, {\"added\": {\"name\": \"image\", \"object\": \"Image object (2)\"}}, {\"added\": {\"name\": \"image\", \"object\": \"Image object (3)\"}}]"
  }
},
{
  "model": "admin.logentry",
  "pk": 89,
  "fields": {
    "action_time": "2025-02-25T18:45:32.008Z",
    "user": [
      "yaroslav2020bezv@gmail.com"
    ],
    "content_type": [
      "products",
      "product"
    ],
    "object_id": "12",
    "object_repr": "Samsung Galaxy S23",
    "action_flag": 2,
    "change_message": "[{\"added\": {\"name\": \"image\", \"object\": \"Image object (4)\"}}, {\"added\": {\"name\": \"image\", \"object\": \"Image object (5)\"}}]"
  }
},
{
  "model": "admin.logentry",
  "pk": 90,
  "fields": {
    "action_time": "2025-02-25T18:46:41.089Z",
    "user": [
      "yaroslav2020bezv@gmail.com"
    ],
    "content_type": [
      "products",
      "product"
    ],
    "object_id": "13",
    "object_repr": "MacBook Air M2",
    "action_flag": 2,
    "change_message": "[{\"added\": {\"name\": \"image\", \"object\": \"Image object (6)\"}}, {\"added\": {\"name\": \"image\", \"object\": \"Image object (7)\"}}]"
  }
},
{
  "model": "admin.logentry",
  "pk": 91,
  "fields": {
    "action_time": "2025-02-25T18:47:44.472Z",
    "user": [
      "yaroslav2020bezv@gmail.com"
    ],
    "content_type": [
      "products",
      "product"
    ],
    "object_id": "14",
    "object_repr": "Dell XPS 15",
    "action_flag": 2,
    "change_message": "[{\"added\": {\"name\": \"image\", \"object\": \"Image object (8)\"}}, {\"added\": {\"name\": \"image\", \"object\": \"Image object (9)\"}}]"
  }
},
{
  "model": "admin.logentry",
  "pk": 92,
  "fields": {
    "action_time": "2025-02-25T18:49:19.079Z",
    "user": [
      "yaroslav2020bezv@gmail.com"
    ],
    "content_type": [
      "products",
      "product"
    ],
    "object_id": "15",
    "object_repr": "Sony WH-1000XM5",
    "action_flag": 2,
    "change_message": "[{\"added\": {\"name\": \"image\", \"object\": \"Image object (10)\"}}, {\"added\": {\"name\": \"image\", \"object\": \"Image object (11)\"}}]"
  }
},
{
  "model": "admin.logentry",
  "pk": 93,
  "fields": {
    "action_time": "2025-02-25T18:49:52.941Z",
    "user": [
      "yaroslav2020bezv@gmail.com"
    ],
    "content_type": [
      "products",
      "product"
    ],
    "object_id": "16",
    "object_repr": "Bose QuietComfort 45",
    "action_flag": 2,
    "change_message": "[{\"added\": {\"name\": \"image\", \"object\": \"Image object (12)\"}}, {\"added\": {\"name\": \"image\", \"object\": \"Image object (13)\"}}]"
  }
},
{
  "model": "admin.logentry",
  "pk": 94,
  "fields": {
    "action_time": "2025-02-25T18:50:26.290Z",
    "user": [
      "yaroslav2020bezv@gmail.com"
    ],
    "content_type": [
      "products",
      "product"
    ],
    "object_id": "17",
    "object_repr": "Canon EOS R6",
    "action_flag": 2,
    "change_message": "[{\"added\": {\"name\": \"image\", \"object\": \"Image object (14)\"}}, {\"added\": {\"name\": \"image\", \"object\": \"Image object (15)\"}}]"
  }
},
{
  "model": "admin.logentry",
  "pk": 95,
  "fields": {
    "action_time": "2025-02-25T18:50:31.072Z",
    "user": [
      "yaroslav2020bezv@gmail.com"
    ],
    "content_type": [
      "products",
      "product"
    ],
    "object_id": "18",
    "object_repr": "LG 4K OLED TV",
    "action_flag": 2,
    "change_message": "[]"
  }
},
{
  "model": "admin.logentry",
  "pk": 96,
  "fields": {
    "action_time": "2025-02-25T18:51:12.723Z",
    "user": [
      "yaroslav2020bezv@gmail.com"
    ],
    "content_type": [
      "products",
      "product"
    ],
    "object_id": "19",
    "object_repr": "Philips Air Purifier",
    "action_flag": 2,
    "change_message": "[{\"added\": {\"name\": \"image\", \"object\": \"Image object (16)\"}}]"
  }
},
{
  "model": "admin.logentry",
  "pk": 97,
  "fields": {
    "action_time": "2025-02-25T18:52:19.709Z",
    "user": [
      "yaroslav2020bezv@gmail.com"
    ],
    "content_type": [
      "products",
      "product"
    ],
    "object_id": "20",
    "object_repr": "Xiaomi Air Conditioner",
    "action_flag": 2,
    "change_message": "[{\"added\": {\"name\": \"image\", \"object\": \"Image object (17)\"}}, {\"added\": {\"name\": \"image\", \"object\": \"Image object (18)\"}}]"
  }
},
{
  "model": "admin.logentry",
  "pk": 98,
  "fields": {
    "action_time": "2025-02-26T20:23:48.471Z",
    "user": [
      "yaroslav2020bezv@gmail.com"
    ],
    "content_type": [
      "users",
      "user"
    ],
    "object_id": "1",
    "object_repr": "root",
    "action_flag": 2,
    "change_message": "[]"
  }
},
{
  "model": "admin.logentry",
  "pk": 99,
  "fields": {
    "action_time": "2025-02-26T20:29:30.735Z",
    "user": [
      "yaroslav2020bezv@gmail.com"
    ],
    "content_type": [
      "users",
      "user"
    ],
    "object_id": "2",
    "object_repr": "ddhfj",
    "action_flag": 2,
    "change_message": "[{\"changed\": {\"fields\": [\"Username\", \"Last name\"]}}]"
  }
},
{
  "model": "admin.logentry",
  "pk": 100,
  "fields": {
    "action_time": "2025-02-26T20:29:51.770Z",
    "user": [
      "yaroslav2020bezv@gmail.com"
    ],
    "content_type": [
      "users",
      "user"
    ],
    "object_id": "3",
    "object_repr": "wdwedfe",
    "action_flag": 2,
    "change_message": "[]"
  }
},
{
  "model": "admin.logentry",
  "pk": 101,
  "fields": {
    "action_time": "2025-02-27T00:20:57.919Z",
    "user": [
      "yaroslav2020bezv@gmail.com"
    ],
    "content_type": [
      "users",
      "address"
    ],
    "object_id": "1",
    "object_repr": "Butlerstown house",
    "action_flag": 2,
    "change_message": "[]"
  }
},
{
  "model": "admin.logentry",
  "pk": 102,
  "fields": {
    "action_time": "2025-02-27T00:21:13.494Z",
    "user": [
      "yaroslav2020bezv@gmail.com"
    ],
    "content_type": [
      "users",
      "user"
    ],
    "object_id": "3",
    "object_repr": "wdwedfe",
    "action_flag": 2,
    "change_message": "[{\"changed\": {\"fields\": [\"Address\"]}}]"
  }
},
{
  "model": "admin.logentry",
  "pk": 103,
  "fields": {
    "action_time": "2025-02-27T17:26:00.734Z",
    "user": [
      "yaroslav2020bezv@gmail.com"
    ],
    "content_type": [
      "users",
      "address"
    ],
    "object_id": "4",
    "object_repr": "Butlerstown house",
    "action_flag": 3,
    "change_message": ""
  }
},
{
  "model": "admin.logentry",
  "pk": 104,
  "fields": {
    "action_time": "2025-02-27T17:26:00.734Z",
    "user": [
      "yaroslav2020bezv@gmail.com"
    ],
    "content_type": [
      "users",
      "address"
    ],
    "object_id": "3",
    "object_repr": "Butlerstown house",
    "action_flag": 3,
    "change_message": ""
  }
},
{
  "model": "admin.logentry",
  "pk": 105,
  "fields": {
    "action_time": "2025-02-27T17:26:00.734Z",
    "user": [
      "yaroslav2020bezv@gmail.com"
    ],
    "content_type": [
      "users",
      "address"
    ],
    "object_id": "2",
    "object_repr": "Butlerstown house",
    "action_flag": 3,
    "change_message": ""
  }
},
{
  "model": "admin.logentry",
  "pk": 106,
  "fields": {
    "action_time": "2025-02-27T17:26:14.247Z",
    "user": [
      "yaroslav2020bezv@gmail.com"
    ],
    "content_type": [
      "users",
      "user"
    ],
    "object_id": "7",
    "object_repr": "baraarik963@gmail.com",
    "action_flag": 2,
    "change_message": "[{\"changed\": {\"fields\": [\"Username\", \"Address\"]}}]"
  }
},
{
  "model": "admin.logentry",
  "pk": 107,
  "fields": {
    "action_time": "2025-02-27T17:26:20.743Z",
    "user": [
      "yaroslav2020bezv@gmail.com"
    ],
    "content_type": [
      "users",
      "user"
    ],
    "object_id": "4",
    "object_repr": "yaroslavbezvesilnyi@gmail.com",
    "action_flag": 3,
    "change_message": ""
  }
},
{
  "model": "admin.logentry",
  "pk": 108,
  "fields": {
    "action_time": "2025-02-27T17:26:25.907Z",
    "user": [
      "yaroslav2020bezv@gmail.com"
    ],
    "content_type": [
      "users",
      "user"
    ],
    "object_id": "3",
    "object_repr": "wdwedfe",
    "action_flag": 3,
    "change_message": ""
  }
},
{
  "model": "admin.logentry",
  "pk": 109,
  "fields": {
    "action_time": "2025-02-27T17:26:25.907Z",
    "user": [
      "yaroslav2020bezv@gmail.com"
    ],
    "content_type": [
      "users",
      "user"
    ],
    "object_id": "2",
    "object_repr": "ddhfj",
    "action_flag": 3,
    "change_message": ""
  }
},
{
  "model": "admin.logentry",
  "pk": 110,
  "fields": {
    "action_time": "2025-02-28T14:48:03.931Z",
    "user": [
      "yaroslav2020bezv@gmail.com"
    ],
    "content_type": [
      "users",
      "user"
    ],
    "object_id": "9",
    "object_repr": "yaroslavbezvesilnyi@gmail.com",
    "action_flag": 3,
    "change_message": ""
  }
},
{
  "model": "admin.logentry",
  "pk": 111,
  "fields": {
    "action_time": "2025-02-28T14:49:11.762Z",
    "user": [
      "yaroslav2020bezv@gmail.com"
    ],
    "content_type": [
      "users",
      "user"
    ],
    "object_id": "10",
    "object_repr": "yaroslavbezvesilnyi@gmail.com",
    "action_flag": 3,
    "change_message": ""
  }
},
{
  "model": "admin.logentry",
  "pk": 112,
  "fields": {
    "action_time": "2025-02-28T14:49:48.246Z",
    "user": [
      "yaroslav2020bezv@gmail.com"
    ],
    "content_type": [
      "users",
      "user"
    ],
    "object_id": "11",
    "object_repr": "yaroslavbezvesilnyi@gmail.com",
    "action_flag": 3,
    "change_message": ""
  }
},
{
  "model": "admin.logentry",
  "pk": 113,
  "fields": {
    "action_time": "2025-02-28T14:54:08.230Z",
    "user": [
      "yaroslav2020bezv@gmail.com"
    ],
    "content_type": [
      "users",
      "user"
    ],
    "object_id": "12",
    "object_repr": "yaroslavbezvesilnyi@gmail.com",
    "action_flag": 3,
    "change_message": ""
  }
},
{
  "model": "admin.logentry",
  "pk": 114,
  "fields": {
    "action_time": "2025-02-28T14:56:08.834Z",
    "user": [
      "yaroslav2020bezv@gmail.com"
    ],
    "content_type": [
      "users",
      "user"
    ],
    "object_id": "13",
    "object_repr": "yaroslavbezvesilnyi@gmail.com",
    "action_flag": 3,
    "change_message": ""
  }
},
{
  "model": "admin.logentry",
  "pk": 115,
  "fields": {
    "action_time": "2025-02-28T15:10:02.272Z",
    "user": [
      "yaroslav2020bezv@gmail.com"
    ],
    "content_type": [
      "users",
      "user"
    ],
    "object_id": "14",
    "object_repr": "yaroslavbezvesilnyi@gmail.com",
    "action_flag": 2,
    "change_message": "[{\"changed\": {\"fields\": [\"Is superuser\"]}}]"
  }
},
{
  "model": "admin.logentry",
  "pk": 116,
  "fields": {
    "action_time": "2025-02-28T19:20:51.763Z",
    "user": [
      "yaroslav2020bezv@gmail.com"
    ],
    "content_type": [
      "products",
      "characteristic"
    ],
    "object_id": "6",
    "object_repr": "Battery Capacity",
    "action_flag": 2,
    "change_message": "[{\"changed\": {\"fields\": [\"Main\"]}}]"
  }
},
{
  "model": "admin.logentry",
  "pk": 117,
  "fields": {
    "action_time": "2025-02-28T19:20:51.765Z",
    "user": [
      "yaroslav2020bezv@gmail.com"
    ],
    "content_type": [
      "products",
      "characteristic"
    ],
    "object_id": "5",
    "object_repr": "Screen Size",
    "action_flag": 2,
    "change_message": "[{\"changed\": {\"fields\": [\"Main\"]}}]"
  }
},
{
  "model": "admin.logentry",
  "pk": 118,
  "fields": {
    "action_time": "2025-02-28T19:22:03.936Z",
    "user": [
      "yaroslav2020bezv@gmail.com"
    ],
    "content_type": [
      "products",
      "tag"
    ],
    "object_id": "1",
    "object_repr": "Iphone",
    "action_flag": 1,
    "change_message": "[{\"added\": {}}]"
  }
},
{
  "model": "admin.logentry",
  "pk": 119,
  "fields": {
    "action_time": "2025-02-28T19:22:44.681Z",
    "user": [
      "yaroslav2020bezv@gmail.com"
    ],
    "content_type": [
      "products",
      "tag"
    ],
    "object_id": "2",
    "object_repr": "pro max",
    "action_flag": 1,
    "change_message": "[{\"added\": {}}]"
  }
},
{
  "model": "admin.logentry",
  "pk": 120,
  "fields": {
    "action_time": "2025-02-28T19:22:54.015Z",
    "user": [
      "yaroslav2020bezv@gmail.com"
    ],
    "content_type": [
      "products",
      "tag"
    ],
    "object_id": "3",
    "object_repr": "smartphone",
    "action_flag": 1,
    "change_message": "[{\"added\": {}}]"
  }
},
{
  "model": "admin.logentry",
  "pk": 121,
  "fields": {
    "action_time": "2025-02-28T19:23:08.553Z",
    "user": [
      "yaroslav2020bezv@gmail.com"
    ],
    "content_type": [
      "products",
      "product"
    ],
    "object_id": "11",
    "object_repr": "iPhone 14 Pro",
    "action_flag": 2,
    "change_message": "[{\"changed\": {\"fields\": [\"Tags\"]}}]"
  }
},
{
  "model": "admin.logentry",
  "pk": 122,
  "fields": {
    "action_time": "2025-02-28T19:23:38.762Z",
    "user": [
      "yaroslav2020bezv@gmail.com"
    ],
    "content_type": [
      "products",
      "tag"
    ],
    "object_id": "4",
    "object_repr": "samsung",
    "action_flag": 1,
    "change_message": "[{\"added\": {}}]"
  }
},
{
  "model": "admin.logentry",
  "pk": 123,
  "fields": {
    "action_time": "2025-02-28T19:23:40.573Z",
    "user": [
      "yaroslav2020bezv@gmail.com"
    ],
    "content_type": [
      "products",
      "product"
    ],
    "object_id": "12",
    "object_repr": "Samsung Galaxy S23",
    "action_flag": 2,
    "change_message": "[{\"changed\": {\"fields\": [\"Tags\"]}}]"
  }
},
{
  "model": "admin.logentry",
  "pk": 124,
  "fields": {
    "action_time": "2025-02-28T19:24:56.158Z",
    "user": [
      "yaroslav2020bezv@gmail.com"
    ],
    "content_type": [
      "products",
      "tag"
    ],
    "object_id": "3",
    "object_repr": "smartphone",
    "action_flag": 2,
    "change_message": "[{\"changed\": {\"fields\": [\"Display\"]}}]"
  }
},
{
  "model": "admin.logentry",
  "pk": 125,
  "fields": {
    "action_time": "2025-03-03T01:29:25.911Z",
    "user": [
      "yaroslav2020bezv@gmail.com"
    ],
    "content_type": [
      "products",
      "product"
    ],
    "object_id": "11",
    "object_repr": "iPhone 14 Pro",
    "action_flag": 2,
    "change_message": "[{\"changed\": {\"fields\": [\"Summary\", \"Description\"]}}]"
  }
},
{
  "model": "admin.logentry",
  "pk": 126,
  "fields": {
    "action_time": "2025-03-03T09:42:44.019Z",
    "user": [
      "yaroslav2020bezv@gmail.com"
    ],
    "content_type": [
      "products",
      "review"
    ],
    "object_id": "9",
    "object_repr": "Review object (9)",
    "action_flag": 3,
    "change_message": ""
  }
},
{
  "model": "admin.logentry",
  "pk": 127,
  "fields": {
    "action_time": "2025-03-03T09:42:44.019Z",
    "user": [
      "yaroslav2020bezv@gmail.com"
    ],
    "content_type": [
      "products",
      "review"
    ],
    "object_id": "8",
    "object_repr": "Review object (8)",
    "action_flag": 3,
    "change_message": ""
  }
},
{
  "model": "admin.logentry",
  "pk": 128,
  "fields": {
    "action_time": "2025-03-03T09:42:44.019Z",
    "user": [
      "yaroslav2020bezv@gmail.com"
    ],
    "content_type": [
      "products",
      "review"
    ],
    "object_id": "7",
    "object_repr": "Review object (7)",
    "action_flag": 3,
    "change_message": ""
  }
},
{
  "model": "admin.logentry",
  "pk": 129,
  "fields": {
    "action_time": "2025-03-03T09:42:44.019Z",
    "user": [
      "yaroslav2020bezv@gmail.com"
    ],
    "content_type": [
      "products",
      "review"
    ],
    "object_id": "6",
    "object_repr": "Review object (6)",
    "action_flag": 3,
    "change_message": ""
  }
},
{
  "model": "admin.logentry",
  "pk": 130,
  "fields": {
    "action_time": "2025-03-03T09:42:44.019Z",
    "user": [
      "yaroslav2020bezv@gmail.com"
    ],
    "content_type": [
      "products",
      "review"
    ],
    "object_id": "5",
    "object_repr": "Review object (5)",
    "action_flag": 3,
    "change_message": ""
  }
},
{
  "model": "admin.logentry",
  "pk": 131,
  "fields": {
    "action_time": "2025-03-03T09:42:44.020Z",
    "user": [
      "yaroslav2020bezv@gmail.com"
    ],
    "content_type": [
      "products",
      "review"
    ],
    "object_id": "4",
    "object_repr": "Review object (4)",
    "action_flag": 3,
    "change_message": ""
  }
},
{
  "model": "admin.logentry",
  "pk": 132,
  "fields": {
    "action_time": "2025-03-03T09:42:44.020Z",
    "user": [
      "yaroslav2020bezv@gmail.com"
    ],
    "content_type": [
      "products",
      "review"
    ],
    "object_id": "3",
    "object_repr": "Review object (3)",
    "action_flag": 3,
    "change_message": ""
  }
},
{
  "model": "admin.logentry",
  "pk": 133,
  "fields": {
    "action_time": "2025-03-03T10:02:42.287Z",
    "user": [
      "yaroslav2020bezv@gmail.com"
    ],
    "content_type": [
      "products",
      "reviewimage"
    ],
    "object_id": "2",
    "object_repr": "ReviewImage object (2)",
    "action_flag": 2,
    "change_message": "[]"
  }
},
{
  "model": "admin.logentry",
  "pk": 134,
  "fields": {
    "action_time": "2025-03-03T10:07:12.508Z",
    "user": [
      "yaroslav2020bezv@gmail.com"
    ],
    "content_type": [
      "products",
      "review"
    ],
    "object_id": "13",
    "object_repr": "test user",
    "action_flag": 2,
    "change_message": "[]"
  }
},
{
  "model": "admin.logentry",
  "pk": 135,
  "fields": {
    "action_time": "2025-03-03T21:07:53.497Z",
    "user": [
      "yaroslav2020bezv@gmail.com"
    ],
    "content_type": [
      "products",
      "review"
    ],
    "object_id": "12",
    "object_repr": "q2",
    "action_flag": 2,
    "change_message": "[{\"changed\": {\"fields\": [\"User\"]}}]"
  }
},
{
  "model": "admin.logentry",
  "pk": 136,
  "fields": {
    "action_time": "2025-03-03T21:07:58.811Z",
    "user": [
      "yaroslav2020bezv@gmail.com"
    ],
    "content_type": [
      "products",
      "review"
    ],
    "object_id": "11",
    "object_repr": "ddfd",
    "action_flag": 2,
    "change_message": "[{\"changed\": {\"fields\": [\"User\"]}}]"
  }
},
{
  "model": "admin.logentry",
  "pk": 137,
  "fields": {
    "action_time": "2025-03-03T21:11:10.823Z",
    "user": [
      "yaroslav2020bezv@gmail.com"
    ],
    "content_type": [
      "products",
      "review"
    ],
    "object_id": "10",
    "object_repr": "q1",
    "action_flag": 2,
    "change_message": "[]"
  }
},
{
  "model": "admin.logentry",
  "pk": 138,
  "fields": {
    "action_time": "2025-03-03T21:11:14.809Z",
    "user": [
      "yaroslav2020bezv@gmail.com"
    ],
    "content_type": [
      "products",
      "review"
    ],
    "object_id": "2",
    "object_repr": "notinh",
    "action_flag": 2,
    "change_message": "[{\"changed\": {\"fields\": [\"User\"]}}]"
  }
},
{
  "model": "admin.logentry",
  "pk": 139,
  "fields": {
    "action_time": "2025-03-04T08:21:46.943Z",
    "user": [
      "yaroslav2020bezv@gmail.com"
    ],
    "content_type": [
      "products",
      "productcharacteristic"
    ],
    "object_id": "8",
    "object_repr": "Camera Resolution: 64 MP",
    "action_flag": 1,
    "change_message": "[{\"added\": {}}]"
  }
},
{
  "model": "admin.logentry",
  "pk": 140,
  "fields": {
    "action_time": "2025-03-04T08:23:36.503Z",
    "user": [
      "yaroslav2020bezv@gmail.com"
    ],
    "content_type": [
      "products",
      "productcharacteristic"
    ],
    "object_id": "9",
    "object_repr": "Battery Capacity: 4000 mAh",
    "action_flag": 1,
    "change_message": "[{\"added\": {}}]"
  }
},
{
  "model": "admin.logentry",
  "pk": 141,
  "fields": {
    "action_time": "2025-03-04T08:23:54.128Z",
    "user": [
      "yaroslav2020bezv@gmail.com"
    ],
    "content_type": [
      "products",
      "productcharacteristic"
    ],
    "object_id": "10",
    "object_repr": "Screen Size: 4.3 inches",
    "action_flag": 1,
    "change_message": "[{\"added\": {}}]"
  }
},
{
  "model": "admin.logentry",
  "pk": 142,
  "fields": {
    "action_time": "2025-03-04T11:54:08.446Z",
    "user": [
      "yaroslav2020bezv@gmail.com"
    ],
    "content_type": [
      "products",
      "product"
    ],
    "object_id": "22",
    "object_repr": "ghjbnk",
    "action_flag": 1,
    "change_message": "[{\"added\": {}}]"
  }
},
{
  "model": "admin.logentry",
  "pk": 143,
  "fields": {
    "action_time": "2025-03-04T11:54:57.541Z",
    "user": [
      "yaroslav2020bezv@gmail.com"
    ],
    "content_type": [
      "products",
      "productcharacteristic"
    ],
    "object_id": "11",
    "object_repr": "Screen Size: 6.1 inches",
    "action_flag": 1,
    "change_message": "[{\"added\": {}}]"
  }
},
{
  "model": "admin.logentry",
  "pk": 144,
  "fields": {
    "action_time": "2025-03-10T09:17:48.925Z",
    "user": [
      "yaroslav2020bezv@gmail.com"
    ],
    "content_type": [
      "users",
      "user"
    ],
    "object_id": "1",
    "object_repr": "yaroslav2020bezv@gmail.com",
    "action_flag": 2,
    "change_message": "[{\"changed\": {\"fields\": [\"Address\"]}}]"
  }
},
{
  "model": "admin.logentry",
  "pk": 145,
  "fields": {
    "action_time": "2025-03-10T09:51:22.686Z",
    "user": [
      "yaroslav2020bezv@gmail.com"
    ],
    "content_type": [
      "products",
      "product"
    ],
    "object_id": "16",
    "object_repr": "Bose QuietComfort 45",
    "action_flag": 2,
    "change_message": "[{\"changed\": {\"fields\": [\"Quantity\"]}}]"
  }
},
{
  "model": "admin.logentry",
  "pk": 146,
  "fields": {
    "action_time": "2025-03-10T18:01:19.938Z",
    "user": [
      "yaroslav2020bezv@gmail.com"
    ],
    "content_type": [
      "users",
      "user"
    ],
    "object_id": "1",
    "object_repr": "yaroslav2020bezv@gmail.com",
    "action_flag": 2,
    "change_message": "[]"
  }
},
{
  "model": "admin.logentry",
  "pk": 147,
  "fields": {
    "action_time": "2025-03-10T18:03:49.436Z",
    "user": [
      "yaroslav2020bezv@gmail.com"
    ],
    "content_type": [
      "carts",
      "receiver"
    ],
    "object_id": "3",
    "object_repr": "3",
    "action_flag": 2,
    "change_message": "[{\"changed\": {\"fields\": [\"First name\", \"Last name\", \"Phone\"]}}]"
  }
},
{
  "model": "admin.logentry",
  "pk": 148,
  "fields": {
    "action_time": "2025-03-10T18:04:01.643Z",
    "user": [
      "yaroslav2020bezv@gmail.com"
    ],
    "content_type": [
      "carts",
      "receiver"
    ],
    "object_id": "3",
    "object_repr": "3",
    "action_flag": 2,
    "change_message": "[{\"changed\": {\"fields\": [\"First name\", \"Last name\", \"Phone\"]}}]"
  }
},
{
  "model": "admin.logentry",
  "pk": 149,
  "fields": {
    "action_time": "2025-03-10T18:06:49.944Z",
    "user": [
      "yaroslav2020bezv@gmail.com"
    ],
    "content_type": [
      "carts",
      "receiver"
    ],
    "object_id": "3",
    "object_repr": "3",
    "action_flag": 2,
    "change_message": "[{\"changed\": {\"fields\": [\"First name\", \"Last name\", \"Phone\"]}}]"
  }
},
{
  "model": "admin.logentry",
  "pk": 150,
  "fields": {
    "action_time": "2025-03-10T18:06:53.753Z",
    "user": [
      "yaroslav2020bezv@gmail.com"
    ],
    "content_type": [
      "carts",
      "receiver"
    ],
    "object_id": "3",
    "object_repr": "3",
    "action_flag": 2,
    "change_message": "[]"
  }
},
{
  "model": "admin.logentry",
  "pk": 151,
  "fields": {
    "action_time": "2025-03-10T18:07:12.065Z",
    "user": [
      "yaroslav2020bezv@gmail.com"
    ],
    "content_type": [
      "carts",
      "receiver"
    ],
    "object_id": "3",
    "object_repr": "3",
    "action_flag": 2,
    "change_message": "[]"
  }
},
{
  "model": "admin.logentry",
  "pk": 152,
  "fields": {
    "action_time": "2025-03-10T18:07:24.008Z",
    "user": [
      "yaroslav2020bezv@gmail.com"
    ],
    "content_type": [
      "carts",
      "receiver"
    ],
    "object_id": "3",
    "object_repr": "3",
    "action_flag": 3,
    "change_message": ""
  }
},
{
  "model": "admin.logentry",
  "pk": 153,
  "fields": {
    "action_time": "2025-03-10T18:08:59.527Z",
    "user": [
      "yaroslav2020bezv@gmail.com"
    ],
    "content_type": [
      "carts",
      "receiver"
    ],
    "object_id": "4",
    "object_repr": "4",
    "action_flag": 2,
    "change_message": "[]"
  }
},
{
  "model": "admin.logentry",
  "pk": 154,
  "fields": {
    "action_time": "2025-03-10T20:56:22.692Z",
    "user": [
      "yaroslav2020bezv@gmail.com"
    ],
    "content_type": [
      "products",
      "product"
    ],
    "object_id": "11",
    "object_repr": "iPhone 14 Pro",
    "action_flag": 2,
    "change_message": "[{\"changed\": {\"fields\": [\"Quantity\"]}}]"
  }
},
{
  "model": "admin.logentry",
  "pk": 155,
  "fields": {
    "action_time": "2025-03-10T21:14:08.269Z",
    "user": [
      "yaroslav2020bezv@gmail.com"
    ],
    "content_type": [
      "products",
      "product"
    ],
    "object_id": "11",
    "object_repr": "iPhone 14 Pro",
    "action_flag": 2,
    "change_message": "[{\"changed\": {\"fields\": [\"Quantity\"]}}]"
  }
},
{
  "model": "admin.logentry",
  "pk": 156,
  "fields": {
    "action_time": "2025-03-11T07:31:39.509Z",
    "user": [
      "yaroslav2020bezv@gmail.com"
    ],
    "content_type": [
      "users",
      "user"
    ],
    "object_id": "16",
    "object_repr": "hjkl@gmail.com",
    "action_flag": 2,
    "change_message": "[{\"changed\": {\"fields\": [\"Phone\"]}}]"
  }
},
{
  "model": "admin.logentry",
  "pk": 157,
  "fields": {
    "action_time": "2025-03-11T07:32:00.339Z",
    "user": [
      "yaroslav2020bezv@gmail.com"
    ],
    "content_type": [
      "users",
      "user"
    ],
    "object_id": "15",
    "object_repr": "fdfdsfd@gmail.com",
    "action_flag": 2,
    "change_message": "[]"
  }
},
{
  "model": "admin.logentry",
  "pk": 158,
  "fields": {
    "action_time": "2025-03-11T07:33:41.676Z",
    "user": [
      "yaroslav2020bezv@gmail.com"
    ],
    "content_type": [
      "users",
      "user"
    ],
    "object_id": "16",
    "object_repr": "hjkl@gmail.com",
    "action_flag": 2,
    "change_message": "[]"
  }
},
{
  "model": "admin.logentry",
  "pk": 159,
  "fields": {
    "action_time": "2025-03-11T07:38:18.458Z",
    "user": [
      "yaroslav2020bezv@gmail.com"
    ],
    "content_type": [
      "users",
      "user"
    ],
    "object_id": "16",
    "object_repr": "hjkl@gmail.com",
    "action_flag": 2,
    "change_message": "[{\"changed\": {\"fields\": [\"Phone\"]}}]"
  }
},
{
  "model": "admin.logentry",
  "pk": 160,
  "fields": {
    "action_time": "2025-03-11T07:38:30.872Z",
    "user": [
      "yaroslav2020bezv@gmail.com"
    ],
    "content_type": [
      "users",
      "user"
    ],
    "object_id": "16",
    "object_repr": "hjkl@gmail.com",
    "action_flag": 2,
    "change_message": "[]"
  }
},
{
  "model": "admin.logentry",
  "pk": 161,
  "fields": {
    "action_time": "2025-03-11T07:38:42.542Z",
    "user": [
      "yaroslav2020bezv@gmail.com"
    ],
    "content_type": [
      "users",
      "user"
    ],
    "object_id": "16",
    "object_repr": "hjkl@gmail.com",
    "action_flag": 2,
    "change_message": "[]"
  }
},
{
  "model": "admin.logentry",
  "pk": 162,
  "fields": {
    "action_time": "2025-03-11T07:38:51.850Z",
    "user": [
      "yaroslav2020bezv@gmail.com"
    ],
    "content_type": [
      "users",
      "user"
    ],
    "object_id": "16",
    "object_repr": "hjkl@gmail.com",
    "action_flag": 2,
    "change_message": "[]"
  }
},
{
  "model": "admin.logentry",
  "pk": 163,
  "fields": {
    "action_time": "2025-03-11T07:39:10.267Z",
    "user": [
      "yaroslav2020bezv@gmail.com"
    ],
    "content_type": [
      "users",
      "user"
    ],
    "object_id": "16",
    "object_repr": "hjkl@gmail.com",
    "action_flag": 2,
    "change_message": "[{\"changed\": {\"fields\": [\"Phone\"]}}]"
  }
},
{
  "model": "admin.logentry",
  "pk": 164,
  "fields": {
    "action_time": "2025-03-11T07:39:18.697Z",
    "user": [
      "yaroslav2020bezv@gmail.com"
    ],
    "content_type": [
      "users",
      "user"
    ],
    "object_id": "16",
    "object_repr": "hjkl@gmail.com",
    "action_flag": 2,
    "change_message": "[{\"changed\": {\"fields\": [\"Phone\"]}}]"
  }
},
{
  "model": "admin.logentry",
  "pk": 165,
  "fields": {
    "action_time": "2025-03-11T07:39:25.102Z",
    "user": [
      "yaroslav2020bezv@gmail.com"
    ],
    "content_type": [
      "users",
      "user"
    ],
    "object_id": "16",
    "object_repr": "hjkl@gmail.com",
    "action_flag": 2,
    "change_message": "[{\"changed\": {\"fields\": [\"Phone\"]}}]"
  }
},
{
  "model": "admin.logentry",
  "pk": 166,
  "fields": {
    "action_time": "2025-03-11T07:39:40.646Z",
    "user": [
      "yaroslav2020bezv@gmail.com"
    ],
    "content_type": [
      "users",
      "user"
    ],
    "object_id": "16",
    "object_repr": "hjkl@gmail.com",
    "action_flag": 2,
    "change_message": "[]"
  }
},
{
  "model": "admin.logentry",
  "pk": 167,
  "fields": {
    "action_time": "2025-03-11T07:39:54.494Z",
    "user": [
      "yaroslav2020bezv@gmail.com"
    ],
    "content_type": [
      "users",
      "user"
    ],
    "object_id": "16",
    "object_repr": "hjkl@gmail.com",
    "action_flag": 3,
    "change_message": ""
  }
},
{
  "model": "admin.logentry",
  "pk": 168,
  "fields": {
    "action_time": "2025-03-11T07:39:54.494Z",
    "user": [
      "yaroslav2020bezv@gmail.com"
    ],
    "content_type": [
      "users",
      "user"
    ],
    "object_id": "15",
    "object_repr": "fdfdsfd@gmail.com",
    "action_flag": 3,
    "change_message": ""
  }
},
{
  "model": "admin.logentry",
  "pk": 169,
  "fields": {
    "action_time": "2025-03-11T10:47:26.231Z",
    "user": [
      "yaroslav2020bezv@gmail.com"
    ],
    "content_type": [
      "users",
      "user"
    ],
    "object_id": "1",
    "object_repr": "yaroslav2020bezv@gmail.com",
    "action_flag": 2,
    "change_message": "[{\"changed\": {\"fields\": [\"First name\", \"Last name\", \"Phone\"]}}]"
  }
},
{
  "model": "admin.logentry",
  "pk": 170,
  "fields": {
    "action_time": "2025-03-11T11:07:41.718Z",
    "user": [
      "yaroslav2020bezv@gmail.com"
    ],
    "content_type": [
      "carts",
      "cart"
    ],
    "object_id": "4",
    "object_repr": "Yaroslav",
    "action_flag": 2,
    "change_message": "[{\"changed\": {\"fields\": [\"Date completed\"]}}]"
  }
},
{
  "model": "admin.logentry",
  "pk": 171,
  "fields": {
    "action_time": "2025-03-11T11:07:45.721Z",
    "user": [
      "yaroslav2020bezv@gmail.com"
    ],
    "content_type": [
      "carts",
      "cart"
    ],
    "object_id": "3",
    "object_repr": "Yaroslav",
    "action_flag": 2,
    "change_message": "[{\"changed\": {\"fields\": [\"Date completed\"]}}]"
  }
},
{
  "model": "admin.logentry",
  "pk": 172,
  "fields": {
    "action_time": "2025-03-11T11:07:50.450Z",
    "user": [
      "yaroslav2020bezv@gmail.com"
    ],
    "content_type": [
      "carts",
      "cart"
    ],
    "object_id": "2",
    "object_repr": "Yaroslav",
    "action_flag": 2,
    "change_message": "[{\"changed\": {\"fields\": [\"Date completed\"]}}]"
  }
},
{
  "model": "admin.logentry",
  "pk": 173,
  "fields": {
    "action_time": "2025-03-11T12:12:52.444Z",
    "user": [
      "yaroslav2020bezv@gmail.com"
    ],
    "content_type": [
      "users",
      "address"
    ],
    "object_id": "6",
    "object_repr": "",
    "action_flag": 2,
    "change_message": "[]"
  }
},
{
  "model": "admin.logentry",
  "pk": 174,
  "fields": {
    "action_time": "2025-03-12T16:37:06.323Z",
    "user": [
      "yaroslav2020bezv@gmail.com"
    ],
    "content_type": [
      "users",
      "user"
    ],
    "object_id": "1",
    "object_repr": "yaroslav2020bezv@gmail.com",
    "action_flag": 2,
    "change_message": "[{\"changed\": {\"fields\": [\"Username\", \"Email\"]}}]"
  }
},
{
  "model": "admin.logentry",
  "pk": 175,
  "fields": {
    "action_time": "2025-03-12T19:25:14.882Z",
    "user": [
      "yaroslav2020bezv@gmail.com"
    ],
    "content_type": [
      "products",
      "product"
    ],
    "object_id": "22",
    "object_repr": "ghjbnk",
    "action_flag": 2,
    "change_message": "[{\"changed\": {\"fields\": [\"Sku\"]}}]"
  }
},
{
  "model": "admin.logentry",
  "pk": 176,
  "fields": {
    "action_time": "2025-03-12T19:25:20.662Z",
    "user": [
      "yaroslav2020bezv@gmail.com"
    ],
    "content_type": [
      "products",
      "product"
    ],
    "object_id": "20",
    "object_repr": "Xiaomi Air Conditioner",
    "action_flag": 2,
    "change_message": "[{\"changed\": {\"fields\": [\"Sku\"]}}]"
  }
},
{
  "model": "admin.logentry",
  "pk": 177,
  "fields": {
    "action_time": "2025-03-12T19:25:26.350Z",
    "user": [
      "yaroslav2020bezv@gmail.com"
    ],
    "content_type": [
      "products",
      "product"
    ],
    "object_id": "19",
    "object_repr": "Philips Air Purifier",
    "action_flag": 2,
    "change_message": "[{\"changed\": {\"fields\": [\"Sku\"]}}]"
  }
},
{
  "model": "admin.logentry",
  "pk": 178,
  "fields": {
    "action_time": "2025-03-12T19:25:31.204Z",
    "user": [
      "yaroslav2020bezv@gmail.com"
    ],
    "content_type": [
      "products",
      "product"
    ],
    "object_id": "18",
    "object_repr": "LG 4K OLED TV",
    "action_flag": 2,
    "change_message": "[{\"changed\": {\"fields\": [\"Sku\"]}}]"
  }
},
{
  "model": "admin.logentry",
  "pk": 179,
  "fields": {
    "action_time": "2025-03-12T19:25:36.215Z",
    "user": [
      "yaroslav2020bezv@gmail.com"
    ],
    "content_type": [
      "products",
      "product"
    ],
    "object_id": "17",
    "object_repr": "Canon EOS R6",
    "action_flag": 2,
    "change_message": "[{\"changed\": {\"fields\": [\"Sku\"]}}]"
  }
},
{
  "model": "admin.logentry",
  "pk": 180,
  "fields": {
    "action_time": "2025-03-12T19:25:41.348Z",
    "user": [
      "yaroslav2020bezv@gmail.com"
    ],
    "content_type": [
      "products",
      "product"
    ],
    "object_id": "16",
    "object_repr": "Bose QuietComfort 45",
    "action_flag": 2,
    "change_message": "[{\"changed\": {\"fields\": [\"Sku\"]}}]"
  }
},
{
  "model": "admin.logentry",
  "pk": 181,
  "fields": {
    "action_time": "2025-03-12T19:25:46.451Z",
    "user": [
      "yaroslav2020bezv@gmail.com"
    ],
    "content_type": [
      "products",
      "product"
    ],
    "object_id": "15",
    "object_repr": "Sony WH-1000XM5",
    "action_flag": 2,
    "change_message": "[{\"changed\": {\"fields\": [\"Sku\"]}}]"
  }
},
{
  "model": "admin.logentry",
  "pk": 182,
  "fields": {
    "action_time": "2025-03-12T19:25:51.698Z",
    "user": [
      "yaroslav2020bezv@gmail.com"
    ],
    "content_type": [
      "products",
      "product"
    ],
    "object_id": "14",
    "object_repr": "Dell XPS 15",
    "action_flag": 2,
    "change_message": "[{\"changed\": {\"fields\": [\"Sku\"]}}]"
  }
},
{
  "model": "admin.logentry",
  "pk": 183,
  "fields": {
    "action_time": "2025-03-12T19:25:58.742Z",
    "user": [
      "yaroslav2020bezv@gmail.com"
    ],
    "content_type": [
      "products",
      "product"
    ],
    "object_id": "14",
    "object_repr": "Dell XPS 15",
    "action_flag": 2,
    "change_message": "[]"
  }
},
{
  "model": "admin.logentry",
  "pk": 184,
  "fields": {
    "action_time": "2025-03-12T19:26:07.848Z",
    "user": [
      "yaroslav2020bezv@gmail.com"
    ],
    "content_type": [
      "products",
      "product"
    ],
    "object_id": "13",
    "object_repr": "MacBook Air M2",
    "action_flag": 2,
    "change_message": "[{\"changed\": {\"fields\": [\"Sku\"]}}]"
  }
},
{
  "model": "admin.logentry",
  "pk": 185,
  "fields": {
    "action_time": "2025-03-12T19:26:13.429Z",
    "user": [
      "yaroslav2020bezv@gmail.com"
    ],
    "content_type": [
      "products",
      "product"
    ],
    "object_id": "12",
    "object_repr": "Samsung Galaxy S23",
    "action_flag": 2,
    "change_message": "[{\"changed\": {\"fields\": [\"Sku\"]}}]"
  }
},
{
  "model": "admin.logentry",
  "pk": 186,
  "fields": {
    "action_time": "2025-03-12T19:26:19.261Z",
    "user": [
      "yaroslav2020bezv@gmail.com"
    ],
    "content_type": [
      "products",
      "product"
    ],
    "object_id": "11",
    "object_repr": "iPhone 14 Pro",
    "action_flag": 2,
    "change_message": "[{\"changed\": {\"fields\": [\"Sku\"]}}]"
  }
},
{
  "model": "admin.logentry",
  "pk": 187,
  "fields": {
    "action_time": "2025-03-12T19:26:29.182Z",
    "user": [
      "yaroslav2020bezv@gmail.com"
    ],
    "content_type": [
      "carts",
      "cart"
    ],
    "object_id": "12",
    "object_repr": "yaroslav",
    "action_flag": 2,
    "change_message": "[{\"changed\": {\"fields\": [\"Order number\"]}}]"
  }
},
{
  "model": "admin.logentry",
  "pk": 188,
  "fields": {
    "action_time": "2025-03-12T19:26:31.757Z",
    "user": [
      "yaroslav2020bezv@gmail.com"
    ],
    "content_type": [
      "carts",
      "cart"
    ],
    "object_id": "12",
    "object_repr": "yaroslav",
    "action_flag": 2,
    "change_message": "[]"
  }
},
{
  "model": "admin.logentry",
  "pk": 189,
  "fields": {
    "action_time": "2025-03-12T19:26:35.531Z",
    "user": [
      "yaroslav2020bezv@gmail.com"
    ],
    "content_type": [
      "carts",
      "cart"
    ],
    "object_id": "11",
    "object_repr": "Yaroslav",
    "action_flag": 2,
    "change_message": "[{\"changed\": {\"fields\": [\"Order number\"]}}]"
  }
},
{
  "model": "admin.logentry",
  "pk": 190,
  "fields": {
    "action_time": "2025-03-12T19:26:39.055Z",
    "user": [
      "yaroslav2020bezv@gmail.com"
    ],
    "content_type": [
      "carts",
      "cart"
    ],
    "object_id": "8",
    "object_repr": "anvqrvqmx05t1a5vij5myywduvmts88v",
    "action_flag": 2,
    "change_message": "[{\"changed\": {\"fields\": [\"Order number\"]}}]"
  }
},
{
  "model": "admin.logentry",
  "pk": 191,
  "fields": {
    "action_time": "2025-03-12T19:26:43.268Z",
    "user": [
      "yaroslav2020bezv@gmail.com"
    ],
    "content_type": [
      "carts",
      "cart"
    ],
    "object_id": "7",
    "object_repr": "h1yj58xtctgm0nyv5a35osdbn3z77oud",
    "action_flag": 2,
    "change_message": "[{\"changed\": {\"fields\": [\"Order number\"]}}]"
  }
},
{
  "model": "admin.logentry",
  "pk": 192,
  "fields": {
    "action_time": "2025-03-12T19:26:47.371Z",
    "user": [
      "yaroslav2020bezv@gmail.com"
    ],
    "content_type": [
      "carts",
      "cart"
    ],
    "object_id": "6",
    "object_repr": "wglpje7gc0ve6dz34t66ouchkkcvren3",
    "action_flag": 2,
    "change_message": "[{\"changed\": {\"fields\": [\"Order number\"]}}]"
  }
},
{
  "model": "admin.logentry",
  "pk": 193,
  "fields": {
    "action_time": "2025-03-12T19:26:51.698Z",
    "user": [
      "yaroslav2020bezv@gmail.com"
    ],
    "content_type": [
      "carts",
      "cart"
    ],
    "object_id": "5",
    "object_repr": "bcreooep28vh067n0ls2n2hwm50b8yuo",
    "action_flag": 2,
    "change_message": "[{\"changed\": {\"fields\": [\"Order number\"]}}]"
  }
},
{
  "model": "admin.logentry",
  "pk": 194,
  "fields": {
    "action_time": "2025-03-12T19:26:55.237Z",
    "user": [
      "yaroslav2020bezv@gmail.com"
    ],
    "content_type": [
      "carts",
      "cart"
    ],
    "object_id": "4",
    "object_repr": "Yaroslav",
    "action_flag": 2,
    "change_message": "[{\"changed\": {\"fields\": [\"Order number\"]}}]"
  }
},
{
  "model": "admin.logentry",
  "pk": 195,
  "fields": {
    "action_time": "2025-03-12T19:26:57.787Z",
    "user": [
      "yaroslav2020bezv@gmail.com"
    ],
    "content_type": [
      "carts",
      "cart"
    ],
    "object_id": "4",
    "object_repr": "Yaroslav",
    "action_flag": 2,
    "change_message": "[]"
  }
},
{
  "model": "admin.logentry",
  "pk": 196,
  "fields": {
    "action_time": "2025-03-12T19:27:01.610Z",
    "user": [
      "yaroslav2020bezv@gmail.com"
    ],
    "content_type": [
      "carts",
      "cart"
    ],
    "object_id": "3",
    "object_repr": "Yaroslav",
    "action_flag": 2,
    "change_message": "[{\"changed\": {\"fields\": [\"Order number\"]}}]"
  }
},
{
  "model": "admin.logentry",
  "pk": 197,
  "fields": {
    "action_time": "2025-03-12T19:27:03.483Z",
    "user": [
      "yaroslav2020bezv@gmail.com"
    ],
    "content_type": [
      "carts",
      "cart"
    ],
    "object_id": "3",
    "object_repr": "Yaroslav",
    "action_flag": 2,
    "change_message": "[]"
  }
},
{
  "model": "admin.logentry",
  "pk": 198,
  "fields": {
    "action_time": "2025-03-12T19:27:07.502Z",
    "user": [
      "yaroslav2020bezv@gmail.com"
    ],
    "content_type": [
      "carts",
      "cart"
    ],
    "object_id": "2",
    "object_repr": "Yaroslav",
    "action_flag": 2,
    "change_message": "[{\"changed\": {\"fields\": [\"Order number\"]}}]"
  }
},
{
  "model": "admin.logentry",
  "pk": 199,
  "fields": {
    "action_time": "2025-03-12T19:27:11.080Z",
    "user": [
      "yaroslav2020bezv@gmail.com"
    ],
    "content_type": [
      "carts",
      "cart"
    ],
    "object_id": "1",
    "object_repr": "None",
    "action_flag": 2,
    "change_message": "[{\"changed\": {\"fields\": [\"Order number\"]}}]"
  }
},
{
  "model": "admin.logentry",
  "pk": 200,
  "fields": {
    "action_time": "2025-03-12T19:31:02.632Z",
    "user": [
      "yaroslav2020bezv@gmail.com"
    ],
    "content_type": [
      "products",
      "product"
    ],
    "object_id": "23",
    "object_repr": "new1",
    "action_flag": 1,
    "change_message": "[{\"added\": {}}]"
  }
},
{
  "model": "admin.logentry",
  "pk": 201,
  "fields": {
    "action_time": "2025-03-12T19:31:07.149Z",
    "user": [
      "yaroslav2020bezv@gmail.com"
    ],
    "content_type": [
      "products",
      "product"
    ],
    "object_id": "23",
    "object_repr": "new1",
    "action_flag": 2,
    "change_message": "[]"
  }
},
{
  "model": "admin.logentry",
  "pk": 202,
  "fields": {
    "action_time": "2025-03-13T13:44:19.937Z",
    "user": [
      "yaroslav2020bezv@gmail.com"
    ],
    "content_type": [
      "socialaccount",
      "socialapp"
    ],
    "object_id": "1",
    "object_repr": "Google OAuth",
    "action_flag": 1,
    "change_message": "[{\"added\": {}}]"
  }
},
{
  "model": "admin.logentry",
  "pk": 203,
  "fields": {
    "action_time": "2025-03-13T13:44:56.340Z",
    "user": [
      "yaroslav2020bezv@gmail.com"
    ],
    "content_type": [
      "sites",
      "site"
    ],
    "object_id": "2",
    "object_repr": "127.0.0.1:8000",
    "action_flag": 1,
    "change_message": "[{\"added\": {}}]"
  }
},
{
  "model": "admin.logentry",
  "pk": 204,
  "fields": {
    "action_time": "2025-03-13T13:45:24.604Z",
    "user": [
      "yaroslav2020bezv@gmail.com"
    ],
    "content_type": [
      "socialaccount",
      "socialapp"
    ],
    "object_id": "1",
    "object_repr": "Google OAuth",
    "action_flag": 2,
    "change_message": "[{\"changed\": {\"fields\": [\"Sites\"]}}]"
  }
},
{
  "model": "admin.logentry",
  "pk": 205,
  "fields": {
    "action_time": "2025-03-13T22:03:01.759Z",
    "user": [
      "yaroslav2020bezv@gmail.com"
    ],
    "content_type": [
      "products",
      "product"
    ],
    "object_id": "23",
    "object_repr": "new1",
    "action_flag": 2,
    "change_message": "[{\"added\": {\"name\": \"product image\", \"object\": \"ProductImage object (19)\"}}]"
  }
},
{
  "model": "admin.logentry",
  "pk": 206,
  "fields": {
    "action_time": "2025-03-23T23:06:51.211Z",
    "user": [
      "yaroslav2020bezv@gmail.com"
    ],
    "content_type": [
      "products",
      "product"
    ],
    "object_id": "11",
    "object_repr": "iPhone 14 Pro",
    "action_flag": 2,
    "change_message": "[{\"changed\": {\"fields\": [\"Discount\"]}}]"
  }
},
{
  "model": "admin.logentry",
  "pk": 207,
  "fields": {
    "action_time": "2025-04-09T18:49:50.763Z",
    "user": [
      "yaroslav2020bezv@gmail.com"
    ],
    "content_type": [
      "taggit",
      "tag"
    ],
    "object_id": "1",
    "object_repr": "iphone",
    "action_flag": 1,
    "change_message": "[{\"added\": {}}]"
  }
},
{
  "model": "admin.logentry",
  "pk": 208,
  "fields": {
    "action_time": "2025-04-09T18:50:32.819Z",
    "user": [
      "yaroslav2020bezv@gmail.com"
    ],
    "content_type": [
      "products",
      "product"
    ],
    "object_id": "11",
    "object_repr": "iPhone 14 Pro",
    "action_flag": 2,
    "change_message": "[{\"changed\": {\"fields\": [\"Tags\"]}}]"
  }
},
{
  "model": "admin.logentry",
  "pk": 209,
  "fields": {
    "action_time": "2025-04-09T18:50:42.834Z",
    "user": [
      "yaroslav2020bezv@gmail.com"
    ],
    "content_type": [
      "taggit",
      "tag"
    ],
    "object_id": "1",
    "object_repr": "iphone",
    "action_flag": 2,
    "change_message": "[]"
  }
},
{
  "model": "admin.logentry",
  "pk": 210,
  "fields": {
    "action_time": "2025-04-09T18:52:50.482Z",
    "user": [
      "yaroslav2020bezv@gmail.com"
    ],
    "content_type": [
      "products",
      "product"
    ],
    "object_id": "11",
    "object_repr": "iPhone 14 Pro",
    "action_flag": 2,
    "change_message": "[{\"changed\": {\"fields\": [\"Tags\"]}}]"
  }
},
{
  "model": "admin.logentry",
  "pk": 211,
  "fields": {
    "action_time": "2025-04-09T19:00:00.149Z",
    "user": [
      "yaroslav2020bezv@gmail.com"
    ],
    "content_type": [
      "products",
      "customtag"
    ],
    "object_id": "1",
    "object_repr": "iphone",
    "action_flag": 2,
    "change_message": "[{\"changed\": {\"fields\": [\"Display\"]}}]"
  }
},
{
  "model": "admin.logentry",
  "pk": 212,
  "fields": {
    "action_time": "2025-04-09T19:00:17.716Z",
    "user": [
      "yaroslav2020bezv@gmail.com"
    ],
    "content_type": [
      "products",
      "product"
    ],
    "object_id": "22",
    "object_repr": "ghjbnk",
    "action_flag": 2,
    "change_message": "[{\"changed\": {\"fields\": [\"Tags\"]}}]"
  }
},
{
  "model": "admin.logentry",
  "pk": 213,
  "fields": {
    "action_time": "2025-04-09T22:11:58.664Z",
    "user": [
      "yaroslav2020bezv@gmail.com"
    ],
    "content_type": [
      "products",
      "customtag"
    ],
    "object_id": "1",
    "object_repr": "iphone",
    "action_flag": 2,
    "change_message": "[]"
  }
},
{
  "model": "admin.logentry",
  "pk": 214,
  "fields": {
    "action_time": "2025-04-09T22:12:10.493Z",
    "user": [
      "yaroslav2020bezv@gmail.com"
    ],
    "content_type": [
      "products",
      "product"
    ],
    "object_id": "22",
    "object_repr": "ghjbnk",
    "action_flag": 2,
    "change_message": "[{\"changed\": {\"fields\": [\"Tags\"]}}]"
  }
},
{
  "model": "admin.logentry",
  "pk": 215,
  "fields": {
    "action_time": "2025-04-09T22:12:20.265Z",
    "user": [
      "yaroslav2020bezv@gmail.com"
    ],
    "content_type": [
      "products",
      "customtag"
    ],
    "object_id": "2",
    "object_repr": "fsssd",
    "action_flag": 2,
    "change_message": "[{\"changed\": {\"fields\": [\"Display\"]}}]"
  }
},
{
  "model": "admin.logentry",
  "pk": 216,
  "fields": {
    "action_time": "2025-04-10T06:51:40.228Z",
    "user": [
      "yaroslav2020bezv@gmail.com"
    ],
    "content_type": [
      "products",
      "product"
    ],
    "object_id": "22",
    "object_repr": "ghjbnk",
    "action_flag": 2,
    "change_message": "[{\"changed\": {\"fields\": [\"Tags\"]}}]"
  }
},
{
  "model": "admin.logentry",
  "pk": 217,
  "fields": {
    "action_time": "2025-04-10T06:51:45.952Z",
    "user": [
      "yaroslav2020bezv@gmail.com"
    ],
    "content_type": [
      "products",
      "product"
    ],
    "object_id": "18",
    "object_repr": "LG 4K OLED TV",
    "action_flag": 2,
    "change_message": "[{\"changed\": {\"fields\": [\"Tags\"]}}]"
  }
},
{
  "model": "admin.logentry",
  "pk": 218,
  "fields": {
    "action_time": "2025-04-10T06:51:52.649Z",
    "user": [
      "yaroslav2020bezv@gmail.com"
    ],
    "content_type": [
      "products",
      "product"
    ],
    "object_id": "16",
    "object_repr": "Bose QuietComfort 45",
    "action_flag": 2,
    "change_message": "[{\"changed\": {\"fields\": [\"Tags\"]}}]"
  }
},
{
  "model": "admin.logentry",
  "pk": 219,
  "fields": {
    "action_time": "2025-04-10T10:21:14.005Z",
    "user": [
      "yaroslav2020bezv@gmail.com"
    ],
    "content_type": [
      "sites",
      "site"
    ],
    "object_id": "3",
    "object_repr": "localhost:8000",
    "action_flag": 1,
    "change_message": "[{\"added\": {}}]"
  }
},
{
  "model": "admin.logentry",
  "pk": 220,
  "fields": {
    "action_time": "2025-04-10T10:22:10.562Z",
    "user": [
      "yaroslav2020bezv@gmail.com"
    ],
    "content_type": [
      "sites",
      "site"
    ],
    "object_id": "2",
    "object_repr": "127.0.0.1:8000",
    "action_flag": 3,
    "change_message": ""
  }
},
{
  "model": "admin.logentry",
  "pk": 221,
  "fields": {
    "action_time": "2025-04-10T10:22:10.562Z",
    "user": [
      "yaroslav2020bezv@gmail.com"
    ],
    "content_type": [
      "sites",
      "site"
    ],
    "object_id": "1",
    "object_repr": "example.com",
    "action_flag": 3,
    "change_message": ""
  }
},
{
  "model": "admin.logentry",
  "pk": 222,
  "fields": {
    "action_time": "2025-04-10T10:23:03.181Z",
    "user": [
      "yaroslav2020bezv@gmail.com"
    ],
    "content_type": [
      "sites",
      "site"
    ],
    "object_id": "3",
    "object_repr": "127.0.0.1:8000",
    "action_flag": 2,
    "change_message": "[{\"changed\": {\"fields\": [\"Domain name\", \"Display name\"]}}]"
  }
},
{
  "model": "admin.logentry",
  "pk": 223,
  "fields": {
    "action_time": "2025-04-10T10:23:18.542Z",
    "user": [
      "yaroslav2020bezv@gmail.com"
    ],
    "content_type": [
      "sites",
      "site"
    ],
    "object_id": "4",
    "object_repr": "example.com",
    "action_flag": 1,
    "change_message": "[{\"added\": {}}]"
  }
},
{
  "model": "admin.logentry",
  "pk": 224,
  "fields": {
    "action_time": "2025-04-11T23:42:08.349Z",
    "user": [
      "yaroslav2020bezv@gmail.com"
    ],
    "content_type": [
      "products",
      "product"
    ],
    "object_id": "23",
    "object_repr": "new1",
    "action_flag": 2,
    "change_message": "[{\"changed\": {\"fields\": [\"Brand\"]}}]"
  }
},
{
  "model": "admin.logentry",
  "pk": 225,
  "fields": {
    "action_time": "2025-04-11T23:42:13.289Z",
    "user": [
      "yaroslav2020bezv@gmail.com"
    ],
    "content_type": [
      "products",
      "product"
    ],
    "object_id": "20",
    "object_repr": "Xiaomi Air Conditioner",
    "action_flag": 2,
    "change_message": "[]"
  }
},
{
  "model": "admin.logentry",
  "pk": 226,
  "fields": {
    "action_time": "2025-04-11T23:42:18.021Z",
    "user": [
      "yaroslav2020bezv@gmail.com"
    ],
    "content_type": [
      "products",
      "product"
    ],
    "object_id": "18",
    "object_repr": "LG 4K OLED TV",
    "action_flag": 2,
    "change_message": "[{\"changed\": {\"fields\": [\"Brand\"]}}]"
  }
},
{
  "model": "admin.logentry",
  "pk": 227,
  "fields": {
    "action_time": "2025-04-13T12:20:34.326Z",
    "user": [
      "yaroslav2020bezv@gmail.com"
    ],
    "content_type": [
      "products",
      "product"
    ],
    "object_id": "11",
    "object_repr": "iPhone 14 Pro",
    "action_flag": 2,
    "change_message": "[{\"changed\": {\"fields\": [\"Warranty\"]}}]"
  }
},
{
  "model": "admin.logentry",
  "pk": 228,
  "fields": {
    "action_time": "2025-04-22T07:39:33.833Z",
    "user": [
      "yaroslav2020bezv@gmail.com"
    ],
    "content_type": [
      "products",
      "product"
    ],
    "object_id": "27",
    "object_repr": "fdffffffffffff",
    "action_flag": 2,
    "change_message": "[{\"changed\": {\"fields\": [\"Is active\"]}}]"
  }
},
{
  "model": "admin.logentry",
  "pk": 229,
  "fields": {
    "action_time": "2025-04-22T09:31:30.571Z",
    "user": [
      "yaroslav2020bezv@gmail.com"
    ],
    "content_type": [
      "products",
      "product"
    ],
    "object_id": "27",
    "object_repr": "fdffffffffffff",
    "action_flag": 2,
    "change_message": "[{\"changed\": {\"fields\": [\"Is active\"]}}]"
  }
},
{
  "model": "admin.logentry",
  "pk": 230,
  "fields": {
    "action_time": "2025-04-22T09:37:12.335Z",
    "user": [
      "yaroslav2020bezv@gmail.com"
    ],
    "content_type": [
      "products",
      "product"
    ],
    "object_id": "27",
    "object_repr": "fdffffffffffff",
    "action_flag": 2,
    "change_message": "[{\"changed\": {\"fields\": [\"Is active\"]}}]"
  }
},
{
  "model": "admin.logentry",
  "pk": 231,
  "fields": {
    "action_time": "2025-04-22T09:37:32.528Z",
    "user": [
      "yaroslav2020bezv@gmail.com"
    ],
    "content_type": [
      "products",
      "product"
    ],
    "object_id": "27",
    "object_repr": "fdffffffffffff",
    "action_flag": 2,
    "change_message": "[{\"changed\": {\"fields\": [\"Is active\"]}}]"
  }
},
{
  "model": "admin.logentry",
  "pk": 232,
  "fields": {
    "action_time": "2025-05-09T08:44:53.705Z",
    "user": [
      "yaroslav2020bezv@gmail.com"
    ],
    "content_type": [
      "products",
      "product"
    ],
    "object_id": "28",
    "object_repr": "qwertttttt xiaomi",
    "action_flag": 2,
    "change_message": "[{\"changed\": {\"fields\": [\"Is active\"]}}]"
  }
},
{
  "model": "admin.logentry",
  "pk": 233,
  "fields": {
    "action_time": "2025-05-09T11:53:42.485Z",
    "user": [
      "yaroslav2020bezv@gmail.com"
    ],
    "content_type": [
      "products",
      "product"
    ],
    "object_id": "11",
    "object_repr": "iPhone 14 Pro",
    "action_flag": 2,
    "change_message": "[{\"changed\": {\"fields\": [\"Discount\"]}}]"
  }
},
{
  "model": "admin.logentry",
  "pk": 234,
  "fields": {
    "action_time": "2025-05-09T12:16:29.751Z",
    "user": [
      "yaroslav2020bezv@gmail.com"
    ],
    "content_type": [
      "products",
      "product"
    ],
    "object_id": "15",
    "object_repr": "Sony WH-1000XM5",
    "action_flag": 2,
    "change_message": "[{\"changed\": {\"fields\": [\"Discount\"]}}]"
  }
},
{
  "model": "admin.logentry",
  "pk": 235,
  "fields": {
    "action_time": "2025-05-09T12:18:49.125Z",
    "user": [
      "yaroslav2020bezv@gmail.com"
    ],
    "content_type": [
      "carts",
      "cart"
    ],
    "object_id": "30",
    "object_repr": "Yaroslav",
    "action_flag": 2,
    "change_message": "[]"
  }
},
{
  "model": "admin.logentry",
  "pk": 236,
  "fields": {
    "action_time": "2025-06-03T05:34:16.345Z",
    "user": [
      "yaroslav2020bezv@gmail.com"
    ],
    "content_type": [
      "coupons",
      "coupon"
    ],
    "object_id": "1",
    "object_repr": "SUMMER",
    "action_flag": 1,
    "change_message": "[{\"added\": {}}]"
  }
},
{
  "model": "admin.logentry",
  "pk": 237,
  "fields": {
    "action_time": "2025-06-03T20:31:59.281Z",
    "user": [
      "yaroslav2020bezv@gmail.com"
    ],
    "content_type": [
      "coupons",
      "coupon"
    ],
    "object_id": "2",
    "object_repr": "BLACK SUMMER",
    "action_flag": 1,
    "change_message": "[{\"added\": {}}]"
  }
},
{
  "model": "admin.logentry",
  "pk": 238,
  "fields": {
    "action_time": "2025-06-03T20:38:56.075Z",
    "user": [
      "yaroslav2020bezv@gmail.com"
    ],
    "content_type": [
      "coupons",
      "coupon"
    ],
    "object_id": "2",
    "object_repr": "BLACK SUMMER",
    "action_flag": 2,
    "change_message": "[{\"changed\": {\"fields\": [\"Valid from\"]}}]"
  }
},
{
  "model": "admin.logentry",
  "pk": 239,
  "fields": {
    "action_time": "2025-06-03T21:18:45.125Z",
    "user": [
      "yaroslav2020bezv@gmail.com"
    ],
    "content_type": [
      "coupons",
      "coupon"
    ],
    "object_id": "2",
    "object_repr": "BLACK SUMMER",
    "action_flag": 3,
    "change_message": ""
  }
},
{
  "model": "admin.logentry",
  "pk": 240,
  "fields": {
    "action_time": "2025-06-03T22:01:20.325Z",
    "user": [
      "yaroslav2020bezv@gmail.com"
    ],
    "content_type": [
      "coupons",
      "coupon"
    ],
    "object_id": "3",
    "object_repr": "NEW",
    "action_flag": 1,
    "change_message": "[{\"added\": {}}]"
  }
},
{
  "model": "admin.logentry",
  "pk": 241,
  "fields": {
    "action_time": "2025-06-03T22:01:38.227Z",
    "user": [
      "yaroslav2020bezv@gmail.com"
    ],
    "content_type": [
      "coupons",
      "coupon"
    ],
    "object_id": "3",
    "object_repr": "NEW",
    "action_flag": 2,
    "change_message": "[{\"changed\": {\"fields\": [\"Active\"]}}]"
  }
},
{
  "model": "admin.logentry",
  "pk": 242,
  "fields": {
    "action_time": "2025-06-03T22:02:28.706Z",
    "user": [
      "yaroslav2020bezv@gmail.com"
    ],
    "content_type": [
      "coupons",
      "coupon"
    ],
    "object_id": "3",
    "object_repr": "NEW",
    "action_flag": 2,
    "change_message": "[{\"changed\": {\"fields\": [\"One time per user\"]}}]"
  }
},
{
  "model": "admin.logentry",
  "pk": 243,
  "fields": {
    "action_time": "2025-06-03T22:07:34.894Z",
    "user": [
      "yaroslav2020bezv@gmail.com"
    ],
    "content_type": [
      "coupons",
      "coupon"
    ],
    "object_id": "3",
    "object_repr": "NEW",
    "action_flag": 2,
    "change_message": "[{\"changed\": {\"fields\": [\"Usage limit\"]}}]"
  }
},
{
  "model": "admin.logentry",
  "pk": 244,
  "fields": {
    "action_time": "2025-06-03T22:07:40.428Z",
    "user": [
      "yaroslav2020bezv@gmail.com"
    ],
    "content_type": [
      "coupons",
      "coupon"
    ],
    "object_id": "3",
    "object_repr": "NEW",
    "action_flag": 2,
    "change_message": "[{\"changed\": {\"fields\": [\"One time per user\"]}}]"
  }
},
{
  "model": "admin.logentry",
  "pk": 245,
  "fields": {
    "action_time": "2025-06-03T22:13:08.664Z",
    "user": [
      "yaroslav2020bezv@gmail.com"
    ],
    "content_type": [
      "coupons",
      "coupon"
    ],
    "object_id": "1",
    "object_repr": "SUMMER",
    "action_flag": 2,
    "change_message": "[{\"changed\": {\"fields\": [\"One time per user\"]}}]"
  }
},
{
  "model": "admin.logentry",
  "pk": 246,
  "fields": {
    "action_time": "2025-06-03T22:13:40.535Z",
    "user": [
      "yaroslav2020bezv@gmail.com"
    ],
    "content_type": [
      "coupons",
      "coupon"
    ],
    "object_id": "3",
    "object_repr": "NEW",
    "action_flag": 2,
    "change_message": "[{\"changed\": {\"fields\": [\"Usage limit\", \"One time per user\"]}}]"
  }
},
{
  "model": "admin.logentry",
  "pk": 247,
  "fields": {
    "action_time": "2025-06-04T00:58:45.034Z",
    "user": [
      "yaroslav2020bezv@gmail.com"
    ],
    "content_type": [
      "courses",
      "subject"
    ],
    "object_id": "1",
    "object_repr": "Tech & Maintenance",
    "action_flag": 1,
    "change_message": "[{\"added\": {}}]"
  }
},
{
  "model": "admin.logentry",
  "pk": 248,
  "fields": {
    "action_time": "2025-06-04T00:58:53.277Z",
    "user": [
      "yaroslav2020bezv@gmail.com"
    ],
    "content_type": [
      "courses",
      "subject"
    ],
    "object_id": "2",
    "object_repr": "Mobile & Smart Devices",
    "action_flag": 1,
    "change_message": "[{\"added\": {}}]"
  }
},
{
  "model": "admin.logentry",
  "pk": 249,
  "fields": {
    "action_time": "2025-06-04T00:58:59.284Z",
    "user": [
      "yaroslav2020bezv@gmail.com"
    ],
    "content_type": [
      "courses",
      "subject"
    ],
    "object_id": "3",
    "object_repr": "Smart Home",
    "action_flag": 1,
    "change_message": "[{\"added\": {}}]"
  }
},
{
  "model": "admin.logentry",
  "pk": 250,
  "fields": {
    "action_time": "2025-06-04T00:59:06.007Z",
    "user": [
      "yaroslav2020bezv@gmail.com"
    ],
    "content_type": [
      "courses",
      "subject"
    ],
    "object_id": "4",
    "object_repr": "Computers & Laptops",
    "action_flag": 1,
    "change_message": "[{\"added\": {}}]"
  }
},
{
  "model": "admin.logentry",
  "pk": 251,
  "fields": {
    "action_time": "2025-06-04T00:59:11.865Z",
    "user": [
      "yaroslav2020bezv@gmail.com"
    ],
    "content_type": [
      "courses",
      "subject"
    ],
    "object_id": "5",
    "object_repr": "Audio & Entertainment",
    "action_flag": 1,
    "change_message": "[{\"added\": {}}]"
  }
},
{
  "model": "admin.logentry",
  "pk": 252,
  "fields": {
    "action_time": "2025-06-04T00:59:19.438Z",
    "user": [
      "yaroslav2020bezv@gmail.com"
    ],
    "content_type": [
      "courses",
      "subject"
    ],
    "object_id": "6",
    "object_repr": "Internet Safety",
    "action_flag": 1,
    "change_message": "[{\"added\": {}}]"
  }
}
]
